experiment,step,reward,rewards/correctness_reward/mean,rewards/format_reward/mean,kl,grad_norm,frac_reward_zero_std
3-digit addition | Full FT,1,1.2000000476837158,1.0,0.20000000298023224,0.0,0.0,1.0
3-digit addition | Full FT,2,1.2000000476837158,1.0,0.20000000298023224,0.0,0.0,1.0
3-digit addition | Full FT,3,1.2000000476837158,1.0,0.20000000298023224,0.0,0.0,1.0
3-digit addition | Full FT,4,1.2000000476837158,1.0,0.20000000298023224,0.0,0.0,1.0
3-digit addition | Full FT,5,1.2000000476837158,1.0,0.20000000298023224,0.0,0.0,1.0
3-digit addition | Full FT,6,1.2000000476837158,1.0,0.20000000298023224,0.0,0.0,1.0
3-digit addition | Full FT,7,1.2000000476837158,1.0,0.20000000298023224,0.0,0.0,1.0
3-digit addition | Full FT,8,1.2000000476837158,1.0,0.20000000298023224,0.0,0.0,1.0
3-digit addition | Full FT,9,1.2000000476837158,1.0,0.20000000298023224,0.0,0.0,1.0
3-digit addition | Full FT,10,1.2000000476837158,1.0,0.20000000298023224,0.0,0.0,1.0
3-digit addition | Full FT,11,1.2000000476837158,1.0,0.20000000298023224,0.0,0.0,1.0
3-digit addition | Full FT,12,1.2000000476837158,1.0,0.20000000298023224,0.0,0.0,1.0
3-digit addition | Full FT,13,1.2000000476837158,1.0,0.20000000298023224,0.0,0.0,1.0
3-digit addition | Full FT,14,1.2000000476837158,1.0,0.20000000298023224,0.0,0.0,1.0
3-digit addition | Full FT,15,1.2000000476837158,1.0,0.20000000298023224,0.0,0.0,1.0
3-digit addition | Full FT,16,1.2000000476837158,1.0,0.20000000298023224,0.0,0.0,1.0
3-digit addition | Full FT,17,0.9500000476837158,0.75,0.20000000298023224,0.0,266.4642333984375,0.0
3-digit addition | Full FT,18,1.2000000476837158,1.0,0.20000000298023224,0.0,1.113500900373765e-07,1.0
3-digit addition | Full FT,19,1.2000000476837158,1.0,0.20000000298023224,0.0,5.942849838902475e-07,1.0
3-digit addition | Full FT,20,1.2000000476837158,1.0,0.20000000298023224,0.0,1.0404524353191391e-08,1.0
3-digit addition | Full FT,21,1.2000000476837158,1.0,0.20000000298023224,0.0,2.6479199277673615e-06,1.0
3-digit addition | Full FT,22,1.2000000476837158,1.0,0.20000000298023224,0.0,3.7735615023848368e-06,1.0
3-digit addition | Full FT,23,0.20000000298023224,0.0,0.20000000298023224,0.010645842179656029,7.433575630187988,1.0
3-digit addition | Full FT,24,1.2000000476837158,1.0,0.20000000298023224,0.0,9.066885436892491e-11,1.0
3-digit addition | Full FT,25,1.2000000476837158,1.0,0.20000000298023224,1.9073486612342094e-07,4.0546060517954174e-06,1.0
3-digit addition | Full FT,26,0.20000000298023224,0.0,0.20000000298023224,0.0009969472885131836,0.5426017045974731,1.0
3-digit addition | Full FT,27,1.2000000476837158,1.0,0.20000000298023224,0.0,2.7208849928683776e-07,1.0
3-digit addition | Full FT,28,1.2000000476837158,1.0,0.20000000298023224,0.0,2.4601098402854404e-07,1.0
3-digit addition | Full FT,29,1.2000000476837158,1.0,0.20000000298023224,0.0,7.439217029059364e-07,1.0
3-digit addition | Full FT,30,1.2000000476837158,1.0,0.20000000298023224,0.0,1.9337635137617326e-07,1.0
3-digit addition | Full FT,31,0.30000001192092896,0.125,0.17500001192092896,3.221434473991394,302.28790283203125,0.0
3-digit addition | Full FT,32,1.2000000476837158,1.0,0.20000000298023224,0.0,6.057883297216904e-07,1.0
3-digit addition | Full FT,33,1.2000000476837158,1.0,0.20000000298023224,1.0490417707842425e-06,0.0003169576229993254,1.0
3-digit addition | Full FT,34,1.2000000476837158,1.0,0.20000000298023224,1.614093707758002e-05,0.006377988029271364,1.0
3-digit addition | Full FT,35,1.0750000476837158,0.875,0.20000000298023224,0.43409824930131435,245.02178955078125,0.0
3-digit addition | Full FT,36,0.20000000298023224,0.0,0.20000000298023224,5.393292427062988,16.29496955871582,1.0
3-digit addition | Full FT,37,1.0,1.0,0.0,1.5289273262023926,1.3486236333847046,1.0
3-digit addition | Full FT,38,1.0,1.0,0.0,1.6577398180961609,1.4337314367294312,1.0
3-digit addition | Full FT,39,0.25,0.125,0.125,3.6298558712005615,56.39358139038086,0.0
3-digit addition | Full FT,40,0.625,0.625,0.0,2.0367053747177124,14.935640335083008,0.0
3-digit addition | Full FT,41,0.75,0.75,0.0,2.283634305000305,27.397075653076172,0.0
3-digit addition | Full FT,42,1.0,1.0,0.0,1.8650256395339966,0.34360575675964355,1.0
3-digit addition | Full FT,43,0.0625,0.0,0.0625,2.645724058151245,21.53550148010254,0.0
3-digit addition | Full FT,44,0.7000000476837158,0.625,0.07500000298023224,1.4191083908081055,50.27630615234375,0.0
3-digit addition | Full FT,45,0.5250000357627869,0.375,0.15000000596046448,3.0505483150482178,157.89016723632812,0.0
3-digit addition | Full FT,46,0.0,0.0,0.0,2.1955184936523438,20.733592987060547,1.0
3-digit addition | Full FT,47,0.0,0.0,0.0,1.6681138277053833,1.5973930358886719,1.0
3-digit addition | Full FT,48,0.0,0.0,0.0,1.3963679671287537,4.158433437347412,1.0
3-digit addition | Full FT,49,0.15000000596046448,0.0,0.15000000596046448,1.3905187845230103,87.40326690673828,0.0
3-digit addition | Full FT,50,0.125,0.0,0.125,2.959348201751709,61.0261344909668,0.0
3-digit addition | Full FT,51,0.20000000298023224,0.0,0.20000000298023224,0.4897567629814148,0.07535415142774582,1.0
3-digit addition | Full FT,52,0.20000000298023224,0.0,0.20000000298023224,2.2749977111816406,0.0020787662360817194,1.0
3-digit addition | Full FT,53,0.7000000476837158,0.5,0.20000000298023224,1.7701237201690674,290.3470153808594,0.0
3-digit addition | Full FT,54,0.6000000238418579,0.5,0.10000000149011612,2.038688063621521,103.01145935058594,0.0
3-digit addition | Full FT,55,0.45000001788139343,0.25,0.20000000298023224,2.6449896097183228,285.06744384765625,0.0
3-digit addition | Full FT,56,0.20000000298023224,0.0,0.20000000298023224,5.070652961730957,3.9765708446502686,1.0
3-digit addition | Full FT,57,0.9500000476837158,0.75,0.20000000298023224,0.7747840881347656,152.38336181640625,0.0
3-digit addition | Full FT,58,0.7000000476837158,0.5,0.20000000298023224,1.8005590438842773,150.16517639160156,0.0
3-digit addition | Full FT,59,1.2000000476837158,1.0,0.20000000298023224,3.886222657456528e-06,0.00035115101491101086,1.0
3-digit addition | Full FT,60,0.32500001788139343,0.125,0.20000000298023224,3.4790621995925903,76.67174530029297,0.0
3-digit addition | Full FT,61,1.2000000476837158,1.0,0.20000000298023224,0.0033949315547943115,1.4630011320114136,1.0
3-digit addition | Full FT,62,0.20000000298023224,0.0,0.20000000298023224,2.6605582237243652,0.3877919912338257,1.0
3-digit addition | Full FT,63,1.0750000476837158,0.875,0.20000000298023224,0.24059137403673958,169.591796875,0.0
3-digit addition | Full FT,64,0.4000000059604645,0.375,0.02500000037252903,0.9654649198055267,9.066778182983398,0.0
3-digit addition | Full FT,65,0.20000000298023224,0.0,0.20000000298023224,5.5882251262664795,5.514513969421387,1.0
3-digit addition | Full FT,66,0.17500001192092896,0.0,0.17500001192092896,1.8666791915893555,132.4724884033203,0.0
3-digit addition | Full FT,67,1.2000000476837158,1.0,0.20000000298023224,0.001237720251083374,0.3469952344894409,1.0
3-digit addition | Full FT,68,0.17500001192092896,0.0,0.17500001192092896,6.010261535644531,120.24737548828125,0.0
3-digit addition | Full FT,69,0.125,0.0,0.125,7.305032730102539,186.9845428466797,0.0
3-digit addition | Full FT,70,0.08750000596046448,0.0,0.08750000596046448,9.440497398376465,244.22010803222656,0.0
3-digit addition | Full FT,71,0.0,0.0,0.0,2.709794759750366,13.976113319396973,1.0
3-digit addition | Full FT,72,0.0625,0.0,0.0625,6.314442873001099,188.48728942871094,0.0
3-digit addition | Full FT,73,0.03750000149011612,0.0,0.03750000149011612,3.710943818092346,49.873313903808594,0.0
3-digit addition | Full FT,74,0.10000000149011612,0.0,0.10000000149011612,11.025138854980469,19.600183486938477,1.0
3-digit addition | Full FT,75,0.20000000298023224,0.0,0.20000000298023224,4.3942060470581055,12.84144401550293,1.0
3-digit addition | Full FT,76,0.42500001192092896,0.25,0.17500001192092896,3.7653231620788574,146.20497131347656,0.0
3-digit addition | Full FT,77,0.15000000596046448,0.0,0.15000000596046448,4.698572874069214,42.526798248291016,0.0
3-digit addition | Full FT,78,0.20000000298023224,0.0,0.20000000298023224,6.29163932800293,0.03877225145697594,1.0
3-digit addition | Full FT,79,0.20000000298023224,0.0,0.20000000298023224,6.670078754425049,0.7768961191177368,1.0
3-digit addition | Full FT,80,0.5750000476837158,0.375,0.20000000298023224,1.8924527764320374,172.3736114501953,0.0
3-digit addition | Full FT,81,0.32500001788139343,0.125,0.20000000298023224,4.808452606201172,226.3314208984375,0.0
3-digit addition | Full FT,82,0.11249999701976776,0.0,0.11249999701976776,6.983352422714233,313.76422119140625,0.0
3-digit addition | Full FT,83,1.2000000476837158,1.0,0.20000000298023224,0.5713875651126727,1.9034091234207153,1.0
3-digit addition | Full FT,84,0.20000000298023224,0.0,0.20000000298023224,3.560781478881836,0.2020181268453598,1.0
3-digit addition | Full FT,85,0.20000000298023224,0.0,0.20000000298023224,5.88477349281311,8.453402519226074,1.0
3-digit addition | Full FT,86,0.20000000298023224,0.0,0.20000000298023224,4.740830421447754,65.21640014648438,1.0
3-digit addition | Full FT,87,1.2000000476837158,1.0,0.20000000298023224,2.7441978090791963e-05,0.002457022201269865,1.0
3-digit addition | Full FT,88,0.125,0.0,0.125,3.0291892290115356,71.72758483886719,0.0
3-digit addition | Full FT,89,0.20000000298023224,0.0,0.20000000298023224,2.6873269081115723,1.4613354206085205,1.0
3-digit addition | Full FT,90,1.0750000476837158,0.875,0.20000000298023224,0.5473049997817725,63.87697982788086,0.0
3-digit addition | Full FT,91,0.1875,0.0,0.1875,1.0819445848464966,68.35862731933594,0.0
3-digit addition | Full FT,92,1.2000000476837158,1.0,0.20000000298023224,0.0014515637885779142,0.15943662822246552,1.0
3-digit addition | Full FT,93,0.20000000298023224,0.0,0.20000000298023224,4.232115268707275,2.7881200313568115,1.0
3-digit addition | Full FT,94,1.2000000476837158,1.0,0.20000000298023224,1.5187263670668472e-05,0.0008699044119566679,1.0
3-digit addition | Full FT,95,0.45000001788139343,0.25,0.20000000298023224,3.9531456232070923,142.0834197998047,0.0
3-digit addition | Full FT,96,1.2000000476837158,1.0,0.20000000298023224,0.00015866756439208984,0.007436330430209637,1.0
3-digit addition | Full FT,97,1.2000000476837158,1.0,0.20000000298023224,6.151199158921372e-06,0.0002875334757845849,1.0
3-digit addition | Full FT,98,1.2000000476837158,1.0,0.20000000298023224,2.1219253540039062e-05,0.0007953997701406479,1.0
3-digit addition | Full FT,99,1.2000000476837158,1.0,0.20000000298023224,1.704692840576172e-05,0.000733238470274955,1.0
3-digit addition | Full FT,100,1.2000000476837158,1.0,0.20000000298023224,0.0012698173522949219,0.11746718734502792,1.0
3-digit addition | Full FT,101,0.15000000596046448,0.0,0.15000000596046448,2.5367356538772583,28.98454475402832,0.0
3-digit addition | Full FT,102,0.17500001192092896,0.0,0.17500001192092896,4.088479280471802,53.74260330200195,0.0
3-digit addition | Full FT,103,0.20000000298023224,0.0,0.20000000298023224,2.3294520378112793,4.197054862976074,1.0
3-digit addition | Full FT,104,1.0,1.0,0.0,1.2546615600585938,0.04086587205529213,1.0
3-digit addition | Full FT,105,1.2000000476837158,1.0,0.20000000298023224,7.987022399902344e-06,0.0003182988439220935,1.0
3-digit addition | Full FT,106,0.20000000298023224,0.0,0.20000000298023224,1.7481937408447266,0.15568645298480988,1.0
3-digit addition | Full FT,107,1.2000000476837158,1.0,0.20000000298023224,8.705258369445801e-05,0.0041136774234473705,1.0
3-digit addition | Full FT,108,0.20000000298023224,0.0,0.20000000298023224,6.867810249328613,4.451115131378174,1.0
3-digit addition | Full FT,109,1.0,1.0,0.0,1.0673924684524536,0.09046405553817749,1.0
3-digit addition | Full FT,110,1.2000000476837158,1.0,0.20000000298023224,2.0170211428194307e-05,0.0026547368615865707,1.0
3-digit addition | Full FT,111,0.20000000298023224,0.0,0.20000000298023224,5.330312728881836,0.06683485954999924,1.0
3-digit addition | Full FT,112,0.7000000476837158,0.5,0.20000000298023224,1.2265589833259583,116.02579498291016,0.0
3-digit addition | Full FT,113,1.2000000476837158,1.0,0.20000000298023224,7.480382919311523e-05,0.004402943421155214,1.0
3-digit addition | Full FT,114,1.2000000476837158,1.0,0.20000000298023224,1.8477439880371094e-05,0.0009199957130476832,1.0
3-digit addition | Full FT,115,0.20000000298023224,0.0,0.20000000298023224,2.9611425399780273,0.6203479170799255,1.0
3-digit addition | Full FT,116,0.20000000298023224,0.0,0.20000000298023224,3.8728384971618652,0.11703572422266006,1.0
3-digit addition | Full FT,117,0.20000000298023224,0.0,0.20000000298023224,5.550426959991455,1.0692553520202637,1.0
3-digit addition | Full FT,118,0.8250000476837158,0.625,0.20000000298023224,1.0217302441596985,133.94717407226562,0.0
3-digit addition | Full FT,119,0.20000000298023224,0.0,0.20000000298023224,2.6389057636260986,0.12051421403884888,1.0
3-digit addition | Full FT,120,1.2000000476837158,1.0,0.20000000298023224,0.00044536590576171875,0.021158693358302116,1.0
3-digit addition | Full FT,121,1.2000000476837158,1.0,0.20000000298023224,0.0003885984478984028,0.01582692563533783,1.0
3-digit addition | Full FT,122,1.2000000476837158,1.0,0.20000000298023224,0.00045988560304977,0.019878597930073738,1.0
3-digit addition | Full FT,123,0.20000000298023224,0.0,0.20000000298023224,2.5106544494628906,5.440483570098877,1.0
3-digit addition | Full FT,124,1.2000000476837158,1.0,0.20000000298023224,0.34100818634033203,0.4398074150085449,1.0
3-digit addition | Full FT,125,0.7000000476837158,0.625,0.07500000298023224,2.03719300031662,32.24718475341797,0.0
3-digit addition | Full FT,126,0.07500000298023224,0.0,0.07500000298023224,2.316486358642578,24.840482711791992,0.0
3-digit addition | Full FT,127,1.0500000715255737,0.875,0.17500001192092896,0.18362283112946898,29.62027359008789,0.0
3-digit addition | Full FT,128,1.1750000715255737,1.0,0.17500001192092896,0.5934983119368553,36.587310791015625,0.0
3-digit addition | Full FT,129,0.42500001192092896,0.25,0.17500001192092896,3.403574585914612,61.49336242675781,0.0
3-digit addition | Full FT,130,0.30000001192092896,0.125,0.17500001192092896,2.671734571456909,50.131324768066406,0.0
3-digit addition | Full FT,131,1.1750000715255737,1.0,0.17500001192092896,0.5229757502675056,28.55540657043457,0.0
3-digit addition | Full FT,132,1.2000000476837158,1.0,0.20000000298023224,0.01281595230102539,0.5633097290992737,1.0
3-digit addition | Full FT,133,0.20000000298023224,0.0,0.20000000298023224,2.6945247650146484,0.368728905916214,1.0
3-digit addition | Full FT,134,0.25,0.25,0.0,1.8759142756462097,26.385021209716797,0.0
3-digit addition | Full FT,135,0.45000001788139343,0.25,0.20000000298023224,2.429633140563965,160.26177978515625,0.0
3-digit addition | Full FT,136,1.2000000476837158,1.0,0.20000000298023224,0.00022845268540550023,0.00752054201439023,1.0
3-digit addition | Full FT,137,1.2000000476837158,1.0,0.20000000298023224,6.701946404064074e-05,0.003018164774402976,1.0
3-digit addition | Full FT,138,1.2000000476837158,1.0,0.20000000298023224,0.00022902488126419485,0.01939341425895691,1.0
3-digit addition | Full FT,139,1.2000000476837158,1.0,0.20000000298023224,1.4662742614746094e-05,0.00047485760296694934,1.0
3-digit addition | Full FT,140,1.024999976158142,1.0,0.02500000037252903,1.9315350651741028,35.027374267578125,0.0
3-digit addition | Full FT,141,0.20000000298023224,0.0,0.20000000298023224,1.8440269231796265,2.78987455368042,1.0
3-digit addition | Full FT,142,1.2000000476837158,1.0,0.20000000298023224,4.267692565917969e-05,0.0013638153905048966,1.0
3-digit addition | Full FT,143,1.2000000476837158,1.0,0.20000000298023224,1.5211105164780747e-05,0.0006270309677347541,1.0
3-digit addition | Full FT,144,1.2000000476837158,1.0,0.20000000298023224,1.5950203305692412e-05,0.0004748676437884569,1.0
3-digit addition | Full FT,145,1.2000000476837158,1.0,0.20000000298023224,3.526210639392957e-05,0.001276517636142671,1.0
3-digit addition | Full FT,146,1.2000000476837158,1.0,0.20000000298023224,7.11679458618164e-05,0.0024909868370741606,1.0
3-digit addition | Full FT,147,1.0750000476837158,0.875,0.20000000298023224,0.33326777815818787,45.4578971862793,0.0
3-digit addition | Full FT,148,0.32500001788139343,0.125,0.20000000298023224,3.3383877277374268,77.05670928955078,0.0
3-digit addition | Full FT,149,1.2000000476837158,1.0,0.20000000298023224,0.0003021657466888428,0.017309093847870827,1.0
3-digit addition | Full FT,150,1.2000000476837158,1.0,0.20000000298023224,0.0001293182431254536,0.004600277170538902,1.0
3-digit addition | Full FT,151,0.32500001788139343,0.125,0.20000000298023224,2.2229743599891663,84.52399444580078,0.0
3-digit addition | Full FT,152,0.20000000298023224,0.0,0.20000000298023224,6.446425914764404,0.14154620468616486,1.0
3-digit addition | Full FT,153,0.20000000298023224,0.0,0.20000000298023224,5.1834962368011475,16.616804122924805,1.0
3-digit addition | Full FT,154,1.2000000476837158,1.0,0.20000000298023224,8.511543455824722e-06,0.0002794061438180506,1.0
3-digit addition | Full FT,155,0.32500001788139343,0.125,0.20000000298023224,2.66579532623291,84.88450622558594,0.0
3-digit addition | Full FT,156,1.2000000476837158,1.0,0.20000000298023224,8.96453857421875e-05,0.0032427047844976187,1.0
3-digit addition | Full FT,157,1.2000000476837158,1.0,0.20000000298023224,0.006441235542297363,0.4708592891693115,1.0
3-digit addition | Full FT,158,0.45000001788139343,0.25,0.20000000298023224,1.9974316954612732,51.02594757080078,0.0
3-digit addition | Full FT,159,1.2000000476837158,1.0,0.20000000298023224,0.0002119064301950857,0.006784615572541952,1.0
3-digit addition | Full FT,160,1.2000000476837158,1.0,0.20000000298023224,0.00019679070101119578,0.0088696563616395,1.0
3-digit addition | Full FT,161,1.0750000476837158,0.875,0.20000000298023224,0.4114731668960303,41.005645751953125,0.0
3-digit addition | Full FT,162,1.0500000715255737,0.875,0.17500001192092896,0.9505802989006042,32.09587860107422,0.0
3-digit addition | Full FT,163,1.2000000476837158,1.0,0.20000000298023224,0.0003085136413574219,0.012574153020977974,1.0
3-digit addition | Full FT,164,0.7000000476837158,0.5,0.20000000298023224,1.6714467704296112,42.420692443847656,0.0
3-digit addition | Full FT,165,1.2000000476837158,1.0,0.20000000298023224,0.00016186237917281687,0.00875064730644226,1.0
3-digit addition | Full FT,166,1.2000000476837158,1.0,0.20000000298023224,0.0008757114410400391,0.04250383377075195,1.0
3-digit addition | Full FT,167,1.0750000476837158,0.875,0.20000000298023224,0.4015427589183673,28.46944236755371,0.0
3-digit addition | Full FT,168,1.2000000476837158,1.0,0.20000000298023224,0.00036007165908813477,0.0165111031383276,1.0
3-digit addition | Full FT,169,1.2000000476837158,1.0,0.20000000298023224,0.00010137558274436742,0.003334625856950879,1.0
3-digit addition | Full FT,170,1.2000000476837158,1.0,0.20000000298023224,0.000735163688659668,0.05720598250627518,1.0
3-digit addition | Full FT,171,1.2000000476837158,1.0,0.20000000298023224,0.00014338493929244578,0.004592239856719971,1.0
3-digit addition | Full FT,172,0.8250000476837158,0.625,0.20000000298023224,0.8715639710426331,28.876449584960938,0.0
3-digit addition | Full FT,173,1.2000000476837158,1.0,0.20000000298023224,6.866455078125e-05,0.003577067516744137,1.0
3-digit addition | Full FT,174,1.2000000476837158,1.0,0.20000000298023224,0.00465017557144165,0.010017015039920807,1.0
3-digit addition | Full FT,175,1.2000000476837158,1.0,0.20000000298023224,9.128451347351074e-05,0.0032428428530693054,1.0
3-digit addition | Full FT,176,1.2000000476837158,1.0,0.20000000298023224,0.007555770687758923,0.5817385315895081,1.0
3-digit addition | Full FT,177,1.2000000476837158,1.0,0.20000000298023224,3.700256274896674e-05,0.0011836356716230512,1.0
3-digit addition | Full FT,178,0.20000000298023224,0.0,0.20000000298023224,2.298841714859009,0.04342592507600784,1.0
3-digit addition | Full FT,179,1.2000000476837158,1.0,0.20000000298023224,6.208419654285535e-05,0.0018342580879107118,1.0
3-digit addition | Full FT,180,1.2000000476837158,1.0,0.20000000298023224,0.000306546688079834,0.015231971628963947,1.0
3-digit addition | Full FT,181,0.45000001788139343,0.25,0.20000000298023224,1.7856388092041016,38.574161529541016,0.0
3-digit addition | Full FT,182,1.2000000476837158,1.0,0.20000000298023224,0.001097947359085083,0.07998780906200409,1.0
3-digit addition | Full FT,183,1.2000000476837158,1.0,0.20000000298023224,3.373622803337639e-06,0.00018035426910500973,1.0
3-digit addition | Full FT,184,1.2000000476837158,1.0,0.20000000298023224,0.11693625152111053,0.012146218679845333,1.0
3-digit addition | Full FT,185,1.2000000476837158,1.0,0.20000000298023224,3.6478043057286413e-06,0.00013362662866711617,1.0
3-digit addition | Full FT,186,1.0750000476837158,0.875,0.20000000298023224,0.3805477023124695,41.192771911621094,0.0
3-digit addition | Full FT,187,1.2000000476837158,1.0,0.20000000298023224,6.10351571594947e-06,0.00014811899745836854,1.0
3-digit addition | Full FT,188,0.7000000476837158,0.5,0.20000000298023224,1.261172354221344,77.5245361328125,0.0
3-digit addition | Full FT,189,0.32500001788139343,0.125,0.20000000298023224,3.0814929008483887,99.2026596069336,0.0
3-digit addition | Full FT,190,1.2000000476837158,1.0,0.20000000298023224,1.7404556729161413e-06,6.730423046974465e-05,1.0
3-digit addition | Full FT,191,1.2000000476837158,1.0,0.20000000298023224,4.380941390991211e-06,0.00023896078346297145,1.0
3-digit addition | Full FT,192,1.2000000476837158,1.0,0.20000000298023224,4.26173210144043e-06,0.00017762221978046,1.0
3-digit addition | Full FT,193,1.2000000476837158,1.0,0.20000000298023224,2.0742415927088587e-06,5.6705695897107944e-05,1.0
3-digit addition | Full FT,194,0.20000000298023224,0.0,0.20000000298023224,4.521874904632568,0.007637631148099899,1.0
3-digit addition | Full FT,195,1.2000000476837158,1.0,0.20000000298023224,7.420778274536133e-06,0.0003164513036608696,1.0
3-digit addition | Full FT,196,1.2000000476837158,1.0,0.20000000298023224,6.556510925292969e-06,0.00031733227660879493,1.0
3-digit addition | Full FT,197,1.2000000476837158,1.0,0.20000000298023224,8.940696716308594e-07,3.2545420253882185e-05,1.0
3-digit addition | Full FT,198,1.2000000476837158,1.0,0.20000000298023224,1.5020370938145788e-06,5.4627973440801725e-05,1.0
3-digit addition | Full FT,199,1.2000000476837158,1.0,0.20000000298023224,6.079673767089844e-06,0.0003534796123858541,1.0
3-digit addition | Full FT,200,0.9500000476837158,0.75,0.20000000298023224,1.0754841566085815,65.42677307128906,0.0
3-digit addition | Full FT,201,1.2000000476837158,1.0,0.20000000298023224,0.023927390575408936,0.004609320312738419,1.0
3-digit addition | Full FT,202,1.2000000476837158,1.0,0.20000000298023224,5.981922004139051e-05,0.004288755357265472,1.0
3-digit addition | Full FT,203,1.2000000476837158,1.0,0.20000000298023224,0.00012010335922241211,0.0195096954703331,1.0
3-digit addition | Full FT,204,1.2000000476837158,1.0,0.20000000298023224,1.6093254089355469e-06,6.578860484296456e-05,1.0
3-digit addition | Full FT,205,1.2000000476837158,1.0,0.20000000298023224,7.271766662597656e-06,0.0005376963526941836,1.0
3-digit addition | Full FT,206,1.2000000476837158,1.0,0.20000000298023224,2.121925263054436e-06,8.016044739633799e-05,1.0
3-digit addition | Full FT,207,1.2000000476837158,1.0,0.20000000298023224,5.388259978644783e-06,0.0005265393410809338,1.0
3-digit addition | Full FT,208,1.2000000476837158,1.0,0.20000000298023224,0.0021926879417151213,0.2502864897251129,1.0
3-digit addition | Full FT,209,1.2000000476837158,1.0,0.20000000298023224,6.341934295051033e-06,0.00030434023938141763,1.0
3-digit addition | Full FT,210,0.8250000476837158,0.625,0.20000000298023224,0.2334923863527365,60.3490104675293,0.0
3-digit addition | Full FT,211,1.2000000476837158,1.0,0.20000000298023224,2.6941299893223913e-06,0.0001902238727780059,1.0
3-digit addition | Full FT,212,1.2000000476837158,1.0,0.20000000298023224,2.384185791015625e-07,7.664253644179553e-06,1.0
3-digit addition | Full FT,213,1.2000000476837158,1.0,0.20000000298023224,0.13757827877998352,0.5662525296211243,1.0
3-digit addition | Full FT,214,1.2000000476837158,1.0,0.20000000298023224,2.980232238769531e-07,1.0907448995567393e-05,1.0
3-digit addition | Full FT,215,1.2000000476837158,1.0,0.20000000298023224,8.1062319168268e-07,2.8576307158800773e-05,1.0
3-digit addition | Full FT,216,1.2000000476837158,1.0,0.20000000298023224,6.9141387939453125e-06,0.00031570764258503914,1.0
3-digit addition | Full FT,217,1.2000000476837158,1.0,0.20000000298023224,2.789497330013546e-06,0.00017025294073391706,1.0
3-digit addition | Full FT,218,1.2000000476837158,1.0,0.20000000298023224,0.0007342100143432617,0.0868392363190651,1.0
3-digit addition | Full FT,219,0.20000000298023224,0.0,0.20000000298023224,3.8760135173797607,5.830117225646973,1.0
3-digit addition | Full FT,220,0.20000000298023224,0.0,0.20000000298023224,3.8755016326904297,0.005249365232884884,1.0
3-digit addition | Full FT,221,0.8250000476837158,0.625,0.20000000298023224,0.6386314928531647,64.3480453491211,0.0
3-digit addition | Full FT,222,0.20000000298023224,0.0,0.20000000298023224,1.4747474193572998,0.006757790222764015,1.0
3-digit addition | Full FT,223,0.20000000298023224,0.0,0.20000000298023224,5.139455318450928,5.694084167480469,1.0
3-digit addition | Full FT,224,1.0750000476837158,0.875,0.20000000298023224,0.6130827069282532,56.69948959350586,0.0
3-digit addition | Full FT,225,0.20000000298023224,0.0,0.20000000298023224,4.18971586227417,3.025078773498535,1.0
3-digit addition | Full FT,226,0.20000000298023224,0.0,0.20000000298023224,4.650048017501831,0.4270239770412445,1.0
3-digit addition | Full FT,227,0.20000000298023224,0.0,0.20000000298023224,5.655642747879028,0.7521051168441772,1.0
3-digit addition | Full FT,228,0.20000000298023224,0.0,0.20000000298023224,7.729069709777832,0.9938356876373291,1.0
3-digit addition | Full FT,229,1.2000000476837158,1.0,0.20000000298023224,7.390975724774762e-07,2.435873648209963e-05,1.0
3-digit addition | Full FT,230,1.0750000476837158,0.875,0.20000000298023224,0.45181044342461973,38.87931442260742,0.0
3-digit addition | Full FT,231,1.2000000476837158,1.0,0.20000000298023224,4.2676924749684986e-06,0.00013443210627883673,1.0
3-digit addition | Full FT,232,1.2000000476837158,1.0,0.20000000298023224,8.1062319168268e-07,2.49494296440389e-05,1.0
3-digit addition | Full FT,233,1.0750000476837158,0.875,0.20000000298023224,0.39601908922486473,34.68156051635742,0.0
3-digit addition | Full FT,234,1.2000000476837158,1.0,0.20000000298023224,0.0003612935543060303,0.056904908269643784,1.0
3-digit addition | Full FT,235,0.20000000298023224,0.0,0.20000000298023224,5.587313652038574,0.947704017162323,1.0
3-digit addition | Full FT,236,1.2000000476837158,1.0,0.20000000298023224,0.01086735725402832,0.003553142538294196,1.0
3-digit addition | Full FT,237,0.7000000476837158,0.5,0.20000000298023224,1.2339153289794922,74.56092071533203,0.0
3-digit addition | Full FT,238,0.20000000298023224,0.0,0.20000000298023224,4.528322696685791,0.019617782905697823,1.0
3-digit addition | Full FT,239,1.0750000476837158,0.875,0.20000000298023224,0.5647142887100927,39.056697845458984,0.0
3-digit addition | Full FT,240,1.2000000476837158,1.0,0.20000000298023224,3.3974647521972656e-06,0.00012213719310238957,1.0
3-digit addition | Full FT,241,1.2000000476837158,1.0,0.20000000298023224,2.2602082026423886e-05,0.0011414940236136317,1.0
3-digit addition | Full FT,242,1.2000000476837158,1.0,0.20000000298023224,5.513429641723633e-06,0.00018815758812706918,1.0
3-digit addition | Full FT,243,1.2000000476837158,1.0,0.20000000298023224,1.0699033737182617e-05,0.000504643248859793,1.0
3-digit addition | Full FT,244,1.2000000476837158,1.0,0.20000000298023224,1.4233589354262222e-05,0.001137121464125812,1.0
3-digit addition | Full FT,245,1.2000000476837158,1.0,0.20000000298023224,1.4007091522216797e-06,4.067902409587987e-05,1.0
3-digit addition | Full FT,246,1.2000000476837158,1.0,0.20000000298023224,3.349781036376953e-05,0.001686932984739542,1.0
3-digit addition | Full FT,247,0.7000000476837158,0.5,0.20000000298023224,1.4802719950675964,59.23337936401367,0.0
3-digit addition | Full FT,248,1.2000000476837158,1.0,0.20000000298023224,5.173683348402847e-06,0.00015321200771722943,1.0
3-digit addition | Full FT,249,1.2000000476837158,1.0,0.20000000298023224,3.0279159091151087e-06,0.0001017567265080288,1.0
3-digit addition | Full FT,250,1.2000000476837158,1.0,0.20000000298023224,3.266334488216671e-06,0.00011728225217666477,1.0
3-digit addition | Full FT,251,1.2000000476837158,1.0,0.20000000298023224,2.434253656247165e-05,0.002150293905287981,1.0
3-digit addition | Full FT,252,0.20000000298023224,0.0,0.20000000298023224,2.4188666343688965,0.3599523901939392,1.0
3-digit addition | Full FT,253,0.20000000298023224,0.0,0.20000000298023224,2.4310197830200195,0.3759390413761139,1.0
3-digit addition | Full FT,254,1.2000000476837158,1.0,0.20000000298023224,5.364418029785156e-07,1.9222425180487335e-05,1.0
3-digit addition | Full FT,255,0.20000000298023224,0.0,0.20000000298023224,5.922073841094971,0.26476797461509705,1.0
3-digit addition | Full FT,256,0.20000000298023224,0.0,0.20000000298023224,3.491023063659668,1.6843125820159912,1.0
3-digit addition | Full FT,257,1.2000000476837158,1.0,0.20000000298023224,3.0922888981876895e-05,0.00130726327188313,1.0
3-digit addition | Full FT,258,0.20000000298023224,0.0,0.20000000298023224,2.3152143955230713,0.8596686720848083,1.0
3-digit addition | Full FT,259,1.2000000476837158,1.0,0.20000000298023224,3.6954879760742188e-06,0.00011451041791588068,1.0
3-digit addition | Full FT,260,0.7000000476837158,0.5,0.20000000298023224,1.0320088267326355,72.76461029052734,0.0
3-digit addition | Full FT,261,1.0750000476837158,0.875,0.20000000298023224,0.4520523250102997,19.250957489013672,0.0
3-digit addition | Full FT,262,1.2000000476837158,1.0,0.20000000298023224,2.1338462829589844e-05,0.0006376556120812893,1.0
3-digit addition | Full FT,263,1.2000000476837158,1.0,0.20000000298023224,2.1672249204129912e-05,0.0005345484241843224,1.0
3-digit addition | Full FT,264,1.2000000476837158,1.0,0.20000000298023224,1.582503318786621e-05,0.0004491386644076556,1.0
3-digit addition | Full FT,265,1.2000000476837158,1.0,0.20000000298023224,1.049041748046875e-05,0.00031005844357423484,1.0
3-digit addition | Full FT,266,1.2000000476837158,1.0,0.20000000298023224,3.988742901128717e-05,0.002912205411121249,1.0
3-digit addition | Full FT,267,1.2000000476837158,1.0,0.20000000298023224,6.181001663208008e-05,0.0018427870236337185,1.0
3-digit addition | Full FT,268,1.2000000476837158,1.0,0.20000000298023224,0.0007020711782388389,0.038131795823574066,1.0
3-digit addition | Full FT,269,1.2000000476837158,1.0,0.20000000298023224,3.6388635635375977e-05,0.0009190975106321275,1.0
3-digit addition | Full FT,270,0.32500001788139343,0.125,0.20000000298023224,0.5236335396766663,24.85572052001953,0.0
3-digit addition | Full FT,271,0.20000000298023224,0.0,0.20000000298023224,1.9626170992851257,0.810230553150177,1.0
3-digit addition | Full FT,272,1.2000000476837158,1.0,0.20000000298023224,0.0002255678118672222,0.012443848885595798,1.0
3-digit addition | Full FT,273,1.2000000476837158,1.0,0.20000000298023224,0.00010375976853538305,0.003299255622550845,1.0
3-digit addition | Full FT,274,0.9500000476837158,0.75,0.20000000298023224,1.119709998369217,37.74955368041992,0.0
3-digit addition | Full FT,275,1.2000000476837158,1.0,0.20000000298023224,0.00013783574104309082,0.005988739430904388,1.0
3-digit addition | Full FT,276,1.2000000476837158,1.0,0.20000000298023224,0.00020390748977661133,0.00599158788099885,1.0
3-digit addition | Full FT,277,1.2000000476837158,1.0,0.20000000298023224,0.0001600265532033518,0.012056232430040836,1.0
3-digit addition | Full FT,278,1.2000000476837158,1.0,0.20000000298023224,4.538893699645996e-05,0.0013342519523575902,1.0
3-digit addition | Full FT,279,1.2000000476837158,1.0,0.20000000298023224,0.008922696113586426,0.6226186156272888,1.0
3-digit addition | Full FT,280,1.2000000476837158,1.0,0.20000000298023224,0.0014314412837848067,0.13614721596240997,1.0
3-digit addition | Full FT,281,1.2000000476837158,1.0,0.20000000298023224,4.9257279897574335e-05,0.0012259103823453188,1.0
3-digit addition | Full FT,282,1.0750000476837158,0.875,0.20000000298023224,0.18572558760570246,11.731844902038574,0.0
3-digit addition | Full FT,283,1.0750000476837158,0.875,0.20000000298023224,0.4176277667284012,20.172304153442383,0.0
3-digit addition | Full FT,284,1.0750000476837158,0.875,0.20000000298023224,0.34266336262226105,50.21641540527344,0.0
3-digit addition | Full FT,285,1.0750000476837158,0.875,0.20000000298023224,0.412288421393896,34.37004089355469,0.0
3-digit addition | Full FT,286,1.2000000476837158,1.0,0.20000000298023224,1.8090009689331055e-05,0.0007312947418540716,1.0
3-digit addition | Full FT,287,1.2000000476837158,1.0,0.20000000298023224,0.00012810229964088649,0.0018489273497834802,1.0
3-digit addition | Full FT,288,1.2000000476837158,1.0,0.20000000298023224,3.552436737663811e-06,0.00013342263991944492,1.0
3-digit addition | Full FT,289,1.2000000476837158,1.0,0.20000000298023224,5.960464477539062e-07,2.2271280613495037e-05,1.0
3-digit addition | Full FT,290,1.2000000476837158,1.0,0.20000000298023224,1.0013579867518274e-06,5.108107870910317e-05,1.0
3-digit addition | Full FT,291,1.2000000476837158,1.0,0.20000000298023224,0.6799076795578003,0.02740439586341381,1.0
3-digit addition | Full FT,292,1.2000000476837158,1.0,0.20000000298023224,1.0251999356114538e-06,3.9683596696704626e-05,1.0
3-digit addition | Full FT,293,1.2000000476837158,1.0,0.20000000298023224,3.099441414633475e-07,1.0819602721312549e-05,1.0
3-digit addition | Full FT,294,0.20000000298023224,0.0,0.20000000298023224,3.28277325630188,0.9171332716941833,1.0
3-digit addition | Full FT,295,0.9500000476837158,0.75,0.20000000298023224,0.200590530061163,25.177658081054688,0.0
3-digit addition | Full FT,296,1.2000000476837158,1.0,0.20000000298023224,4.7683716530855236e-08,2.744380708463723e-06,1.0
3-digit addition | Full FT,297,1.2000000476837158,1.0,0.20000000298023224,0.0015259503852576017,0.0005608711508102715,1.0
3-digit addition | Full FT,298,1.2000000476837158,1.0,0.20000000298023224,2.3543834686279297e-06,0.00011701316543621942,1.0
3-digit addition | Full FT,299,0.20000000298023224,0.0,0.20000000298023224,1.9162554144859314,2.6913182735443115,1.0
3-digit addition | Full FT,300,1.2000000476837158,1.0,0.20000000298023224,0.0,9.323366043645365e-07,1.0
3-digit addition | Full FT,301,0.9500000476837158,0.75,0.20000000298023224,0.30565962195396423,59.147422790527344,0.0
3-digit addition | Full FT,302,1.2000000476837158,1.0,0.20000000298023224,7.152557373046875e-07,5.379214053391479e-05,1.0
3-digit addition | Full FT,303,1.2000000476837158,1.0,0.20000000298023224,1.0967254638671875e-05,0.0011218044674023986,1.0
3-digit addition | Full FT,304,1.2000000476837158,1.0,0.20000000298023224,4.2915343101412873e-07,2.498772846593056e-05,1.0
3-digit addition | Full FT,305,1.2000000476837158,1.0,0.20000000298023224,0.0003279745578765869,0.024837354198098183,1.0
3-digit addition | Full FT,306,1.2000000476837158,1.0,0.20000000298023224,2.9802322387695312e-08,5.936505544923421e-07,1.0
3-digit addition | Full FT,307,1.2000000476837158,1.0,0.20000000298023224,0.015812158584594727,0.03381773829460144,1.0
3-digit addition | Full FT,308,1.2000000476837158,1.0,0.20000000298023224,4.7683716530855236e-08,5.691999263035541e-07,1.0
3-digit addition | Full FT,309,1.2000000476837158,1.0,0.20000000298023224,2.9802322387695312e-08,9.545800594423781e-07,1.0
3-digit addition | Full FT,310,1.2000000476837158,1.0,0.20000000298023224,0.0005533993244171143,0.059759438037872314,1.0
3-digit addition | Full FT,311,1.2000000476837158,1.0,0.20000000298023224,2.9802322387695312e-08,1.2423743100953288e-06,1.0
3-digit addition | Full FT,312,1.2000000476837158,1.0,0.20000000298023224,0.0,2.476160716469167e-07,1.0
3-digit addition | Full FT,313,1.2000000476837158,1.0,0.20000000298023224,2.3841858265427618e-08,1.2966683016202296e-06,1.0
3-digit addition | Full FT,314,1.2000000476837158,1.0,0.20000000298023224,5.960464477539063e-08,2.8692197702184785e-06,1.0
3-digit addition | Full FT,315,1.2000000476837158,1.0,0.20000000298023224,0.000322192907333374,0.03711429983377457,1.0
3-digit addition | Full FT,316,1.2000000476837158,1.0,0.20000000298023224,2.384185791015625e-07,9.881627192953601e-06,1.0
3-digit addition | Full FT,317,1.2000000476837158,1.0,0.20000000298023224,2.3841858265427618e-08,5.594124559138436e-06,1.0
3-digit addition | Full FT,318,1.2000000476837158,1.0,0.20000000298023224,2.384185791015625e-07,5.265867002890445e-06,1.0
3-digit addition | Full FT,319,1.2000000476837158,1.0,0.20000000298023224,7.152557373046875e-07,1.4394156551134074e-06,1.0
3-digit addition | Full FT,320,1.2000000476837158,1.0,0.20000000298023224,1.668930025289228e-07,5.1874221753678285e-06,1.0
3-digit addition | Full FT,321,1.2000000476837158,1.0,0.20000000298023224,1.4305115314527939e-07,1.1058792551921215e-05,1.0
3-digit addition | Full FT,322,1.2000000476837158,1.0,0.20000000298023224,9.536743306171047e-08,7.280735189851839e-06,1.0
3-digit addition | Full FT,323,1.2000000476837158,1.0,0.20000000298023224,4.7683716530855236e-08,8.528941748409125e-07,1.0
3-digit addition | Full FT,324,0.9500000476837158,0.75,0.20000000298023224,0.25020909309387207,86.75281524658203,0.0
3-digit addition | Full FT,325,1.2000000476837158,1.0,0.20000000298023224,0.0003873109817504883,0.059140127152204514,1.0
3-digit addition | Full FT,326,1.2000000476837158,1.0,0.20000000298023224,4.363059815659653e-06,4.604068635671865e-06,1.0
3-digit addition | Full FT,327,1.2000000476837158,1.0,0.20000000298023224,0.0,3.910620307578938e-07,1.0
3-digit addition | Full FT,328,1.2000000476837158,1.0,0.20000000298023224,1.6540288925170898e-06,9.306670108344406e-05,1.0
3-digit addition | Full FT,329,1.2000000476837158,1.0,0.20000000298023224,1.1920928955078125e-07,2.7002695333067095e-06,1.0
3-digit addition | Full FT,330,0.7000000476837158,0.5,0.20000000298023224,2.52060604095459,91.9383544921875,0.0
3-digit addition | Full FT,331,1.2000000476837158,1.0,0.20000000298023224,2.9802322387695312e-08,1.897053721222619e-06,1.0
3-digit addition | Full FT,332,1.2000000476837158,1.0,0.20000000298023224,2.002715973503655e-06,2.9165000796638196e-06,1.0
3-digit addition | Full FT,333,1.2000000476837158,1.0,0.20000000298023224,5.960464477539063e-08,1.5630480447725859e-06,1.0
3-digit addition | Full FT,334,1.2000000476837158,1.0,0.20000000298023224,2.086162567138672e-07,1.257403982890537e-05,1.0
3-digit addition | Full FT,335,1.2000000476837158,1.0,0.20000000298023224,8.940696716308594e-08,5.470098130899714e-06,1.0
3-digit addition | Full FT,336,1.2000000476837158,1.0,0.20000000298023224,1.4901161193847656e-07,6.481823220383376e-06,1.0
3-digit addition | Full FT,337,1.2000000476837158,1.0,0.20000000298023224,5.960464477539063e-08,2.2085073396738153e-06,1.0
3-digit addition | Full FT,338,1.2000000476837158,1.0,0.20000000298023224,2.384185791015625e-07,7.40412506274879e-05,1.0
3-digit addition | Full FT,339,1.2000000476837158,1.0,0.20000000298023224,5.346536636352539e-05,0.006935277953743935,1.0
3-digit addition | Full FT,340,1.2000000476837158,1.0,0.20000000298023224,0.0,1.805955918143809e-07,1.0
3-digit addition | Full FT,341,1.2000000476837158,1.0,0.20000000298023224,1.7881393432617188e-07,6.90783781465143e-06,1.0
3-digit addition | Full FT,342,1.2000000476837158,1.0,0.20000000298023224,0.0,6.29119710993109e-07,1.0
3-digit addition | Full FT,343,1.2000000476837158,1.0,0.20000000298023224,0.0,6.300521704361017e-07,1.0
3-digit addition | Full FT,344,1.2000000476837158,1.0,0.20000000298023224,9.536743306171047e-08,7.220492989290506e-06,1.0
3-digit addition | Full FT,345,1.2000000476837158,1.0,0.20000000298023224,0.0,2.568745287589991e-07,1.0
3-digit addition | Full FT,346,1.2000000476837158,1.0,0.20000000298023224,2.384185791015625e-07,2.9502818506443873e-05,1.0
3-digit addition | Full FT,347,1.2000000476837158,1.0,0.20000000298023224,0.024115025997161865,0.0007606544531881809,1.0
3-digit addition | Full FT,348,1.2000000476837158,1.0,0.20000000298023224,0.0,1.5130113695249747e-07,1.0
3-digit addition | Full FT,349,1.2000000476837158,1.0,0.20000000298023224,7.152557373046875e-07,3.6484270822256804e-05,1.0
3-digit addition | Full FT,350,1.2000000476837158,1.0,0.20000000298023224,0.0,1.4082493180467281e-06,1.0
3-digit addition | Full FT,351,1.2000000476837158,1.0,0.20000000298023224,0.00045914651127532125,0.0027479331474751234,1.0
3-digit addition | Full FT,352,1.2000000476837158,1.0,0.20000000298023224,2.3841858265427618e-08,6.487512678177154e-07,1.0
3-digit addition | Full FT,353,1.2000000476837158,1.0,0.20000000298023224,8.940696716308594e-08,3.282448460595333e-06,1.0
3-digit addition | Full FT,354,1.2000000476837158,1.0,0.20000000298023224,0.0,5.516715972930797e-08,1.0
3-digit addition | Full FT,355,1.2000000476837158,1.0,0.20000000298023224,3.3676624298095703e-06,0.00022780525614507496,1.0
3-digit addition | Full FT,356,1.2000000476837158,1.0,0.20000000298023224,0.00023102760314941406,8.096915553323925e-05,1.0
3-digit addition | Full FT,357,1.2000000476837158,1.0,0.20000000298023224,0.0,3.537469979164598e-07,1.0
3-digit addition | Full FT,358,1.2000000476837158,1.0,0.20000000298023224,5.722046125811175e-07,1.5878483736742055e-06,1.0
3-digit addition | Full FT,359,1.2000000476837158,1.0,0.20000000298023224,3.8743019104003906e-07,1.9639779566205107e-05,1.0
3-digit addition | Full FT,360,1.2000000476837158,1.0,0.20000000298023224,2.8061866032658145e-05,0.0010026120580732822,1.0
3-digit addition | Full FT,361,1.2000000476837158,1.0,0.20000000298023224,0.00011706352233886719,0.014979865401983261,1.0
3-digit addition | Full FT,362,1.2000000476837158,1.0,0.20000000298023224,2.47955313170678e-06,5.42476800546865e-06,1.0
3-digit addition | Full FT,363,1.2000000476837158,1.0,0.20000000298023224,2.9802322387695312e-08,1.3260191735753324e-06,1.0
3-digit addition | Full FT,364,1.2000000476837158,1.0,0.20000000298023224,2.3841858265427618e-08,5.07228492097056e-07,1.0
3-digit addition | Full FT,365,1.2000000476837158,1.0,0.20000000298023224,5.960464477539062e-07,4.5877583033870906e-05,1.0
3-digit addition | Full FT,366,1.2000000476837158,1.0,0.20000000298023224,5.960464477539063e-08,9.338633617517189e-07,1.0
3-digit addition | Full FT,367,1.2000000476837158,1.0,0.20000000298023224,8.940696716308594e-08,3.850277607853059e-06,1.0
3-digit addition | Full FT,368,1.2000000476837158,1.0,0.20000000298023224,4.193782660877332e-05,7.679954592276772e-07,1.0
3-digit addition | Full FT,369,1.2000000476837158,1.0,0.20000000298023224,0.00011157989501953125,1.3291496543388348e-05,1.0
3-digit addition | Full FT,370,1.2000000476837158,1.0,0.20000000298023224,5.960464477539063e-08,3.599938509069034e-06,1.0
3-digit addition | Full FT,371,1.2000000476837158,1.0,0.20000000298023224,8.621215965831652e-05,4.55589106422849e-05,1.0
3-digit addition | Full FT,372,1.2000000476837158,1.0,0.20000000298023224,1.9073486612342094e-07,1.0482707466508145e-06,1.0
3-digit addition | Full FT,373,1.0750000476837158,0.875,0.20000000298023224,0.03210827335715294,78.62181091308594,0.0
3-digit addition | Full FT,374,1.2000000476837158,1.0,0.20000000298023224,9.536743306171047e-08,6.711070000164909e-06,1.0
3-digit addition | Full FT,375,0.20000000298023224,0.0,0.20000000298023224,0.7803298234939575,6.5429158210754395,1.0
3-digit addition | Full FT,376,1.2000000476837158,1.0,0.20000000298023224,7.152557657263969e-08,4.608214567269897e-06,1.0
3-digit addition | Full FT,377,0.5750000476837158,0.375,0.20000000298023224,0.6616430133581161,68.96231079101562,0.0
3-digit addition | Full FT,378,1.2000000476837158,1.0,0.20000000298023224,4.7683716530855236e-08,4.545068179595546e-07,1.0
3-digit addition | Full FT,379,1.2000000476837158,1.0,0.20000000298023224,0.0,1.02965202586347e-06,1.0
3-digit addition | Full FT,380,1.2000000476837158,1.0,0.20000000298023224,1.1920928955078125e-07,6.593708121727104e-07,1.0
3-digit addition | Full FT,381,1.2000000476837158,1.0,0.20000000298023224,9.536743306171047e-08,1.7644894114710041e-06,1.0
3-digit addition | Full FT,382,1.2000000476837158,1.0,0.20000000298023224,0.0,9.17261388622137e-07,1.0
3-digit addition | Full FT,383,1.2000000476837158,1.0,0.20000000298023224,9.536743306171047e-08,8.696975783095695e-06,1.0
3-digit addition | Full FT,384,1.2000000476837158,1.0,0.20000000298023224,0.0,3.854576959838596e-07,1.0
3-digit addition | Full FT,385,1.2000000476837158,1.0,0.20000000298023224,0.6004887819290161,0.00024963830946944654,1.0
3-digit addition | Full FT,386,1.2000000476837158,1.0,0.20000000298023224,2.384185791015625e-07,9.987299563363194e-06,1.0
3-digit addition | Full FT,387,1.2000000476837158,1.0,0.20000000298023224,2.8610230629055877e-07,1.1921699751837878e-06,1.0
3-digit addition | Full FT,388,1.2000000476837158,1.0,0.20000000298023224,1.5020370938145788e-06,4.093928509973921e-06,1.0
3-digit addition | Full FT,389,1.2000000476837158,1.0,0.20000000298023224,5.960464477539063e-08,2.822070655383868e-06,1.0
3-digit addition | Full FT,390,1.0750000476837158,0.875,0.20000000298023224,0.3936704872176051,56.64531707763672,0.0
3-digit addition | Full FT,391,0.20000000298023224,0.0,0.20000000298023224,4.650906562805176,8.052166938781738,1.0
3-digit addition | Full FT,392,0.20000000298023224,0.0,0.20000000298023224,0.3894643932580948,15.631333351135254,1.0
3-digit addition | Full FT,393,1.2000000476837158,1.0,0.20000000298023224,0.0,9.372226941195549e-07,1.0
3-digit addition | Full FT,394,1.2000000476837158,1.0,0.20000000298023224,0.0,4.6008807430553134e-07,1.0
3-digit addition | Full FT,395,1.2000000476837158,1.0,0.20000000298023224,0.011214161291718483,0.0002722776844166219,1.0
3-digit addition | Full FT,396,1.2000000476837158,1.0,0.20000000298023224,1.7881393432617188e-07,2.5723056751303375e-05,1.0
3-digit addition | Full FT,397,1.2000000476837158,1.0,0.20000000298023224,8.940696716308594e-07,4.2808311263797805e-05,1.0
3-digit addition | Full FT,398,0.20000000298023224,0.0,0.20000000298023224,1.3060182332992554,0.7490293979644775,1.0
3-digit addition | Full FT,399,1.2000000476837158,1.0,0.20000000298023224,0.0,7.82116558184498e-07,1.0
3-digit addition | Full FT,400,1.2000000476837158,1.0,0.20000000298023224,4.5299529460862686e-07,3.980433575634379e-06,1.0
3-digit addition | Full FT,401,1.2000000476837158,1.0,0.20000000298023224,0.0,2.4558553946008033e-07,1.0
3-digit addition | Full FT,402,1.2000000476837158,1.0,0.20000000298023224,0.0,1.5119297813726007e-07,1.0
3-digit addition | Full FT,403,1.2000000476837158,1.0,0.20000000298023224,2.3841858265427618e-08,9.69268398876011e-07,1.0
3-digit addition | Full FT,404,1.2000000476837158,1.0,0.20000000298023224,1.6093254089355469e-06,9.833397052716464e-05,1.0
3-digit addition | Full FT,405,1.2000000476837158,1.0,0.20000000298023224,4.2915343101412873e-07,3.2284169719787315e-05,1.0
3-digit addition | Full FT,406,1.2000000476837158,1.0,0.20000000298023224,1.996755599975586e-06,0.00016800728917587548,1.0
3-digit addition | Full FT,407,0.20000000298023224,0.0,0.20000000298023224,4.834721088409424,8.50466251373291,1.0
3-digit addition | Full FT,408,1.2000000476837158,1.0,0.20000000298023224,0.0,4.783186682288942e-07,1.0
3-digit addition | Full FT,409,1.2000000476837158,1.0,0.20000000298023224,0.0,3.6013165072290576e-07,1.0
3-digit addition | Full FT,410,1.2000000476837158,1.0,0.20000000298023224,2.384185791015625e-07,2.3284830604097806e-05,1.0
3-digit addition | Full FT,411,1.2000000476837158,1.0,0.20000000298023224,6.175041198730469e-05,4.1169164433085825e-06,1.0
3-digit addition | Full FT,412,0.20000000298023224,0.0,0.20000000298023224,4.604460716247559,39.92031478881836,1.0
3-digit addition | Full FT,413,1.2000000476837158,1.0,0.20000000298023224,3.471374657237902e-05,0.005002547986805439,1.0
3-digit addition | Full FT,414,1.2000000476837158,1.0,0.20000000298023224,0.0,3.715441323492996e-07,1.0
3-digit addition | Full FT,415,1.2000000476837158,1.0,0.20000000298023224,6.513595872092992e-05,0.0017233813414350152,1.0
3-digit addition | Full FT,416,1.2000000476837158,1.0,0.20000000298023224,1.6391277313232422e-07,8.112871910270769e-06,1.0
3-digit addition | Full FT,417,1.2000000476837158,1.0,0.20000000298023224,3.4868717193603516e-06,0.00016234211216215044,1.0
3-digit addition | Full FT,418,1.0750000476837158,0.875,0.20000000298023224,0.17239324748516083,88.26324462890625,0.0
3-digit addition | Full FT,419,1.2000000476837158,1.0,0.20000000298023224,1.2254715329618193e-05,1.6415538993896917e-05,1.0
3-digit addition | Full FT,420,1.2000000476837158,1.0,0.20000000298023224,5.960464477539062e-07,2.875387690437492e-05,1.0
3-digit addition | Full FT,421,0.20000000298023224,0.0,0.20000000298023224,3.6248607635498047,0.004454893991351128,1.0
3-digit addition | Full FT,422,1.2000000476837158,1.0,0.20000000298023224,0.07037162780761719,0.0005742786452174187,1.0
3-digit addition | Full FT,423,1.2000000476837158,1.0,0.20000000298023224,8.82148754044465e-07,4.766089205077151e-06,1.0
3-digit addition | Full FT,424,1.2000000476837158,1.0,0.20000000298023224,0.0,2.6285318810437275e-08,1.0
3-digit addition | Full FT,425,1.2000000476837158,1.0,0.20000000298023224,4.7683716530855236e-08,3.6709675441670697e-06,1.0
3-digit addition | Full FT,426,1.2000000476837158,1.0,0.20000000298023224,1.1920928955078125e-07,6.4074502006405964e-06,1.0
3-digit addition | Full FT,427,1.2000000476837158,1.0,0.20000000298023224,2.3841858265427618e-08,3.995619124452787e-07,1.0
3-digit addition | Full FT,428,1.2000000476837158,1.0,0.20000000298023224,0.011071234941482544,0.0002582194283604622,1.0
3-digit addition | Full FT,429,0.20000000298023224,0.0,0.20000000298023224,0.035708606243133545,3.1046366691589355,1.0
3-digit addition | Full FT,430,1.2000000476837158,1.0,0.20000000298023224,6.556510925292969e-07,0.00010176131036132574,1.0
3-digit addition | Full FT,431,1.2000000476837158,1.0,0.20000000298023224,2.9802322387695312e-08,3.36267862621753e-06,1.0
3-digit addition | Full FT,432,1.2000000476837158,1.0,0.20000000298023224,9.536743306171047e-08,8.20049478988949e-07,1.0
3-digit addition | Full FT,433,1.2000000476837158,1.0,0.20000000298023224,0.0,1.7946236141597183e-07,1.0
3-digit addition | Full FT,434,0.20000000298023224,0.0,0.20000000298023224,1.6433979868888855,41.52285385131836,1.0
3-digit addition | Full FT,435,1.2000000476837158,1.0,0.20000000298023224,0.00010038912296295166,0.0003606195386964828,1.0
3-digit addition | Full FT,436,1.2000000476837158,1.0,0.20000000298023224,1.4305115314527939e-07,6.34294337942265e-06,1.0
3-digit addition | Full FT,437,1.2000000476837158,1.0,0.20000000298023224,5.006789933759137e-07,5.543596671486739e-06,1.0
3-digit addition | Full FT,438,1.2000000476837158,1.0,0.20000000298023224,9.834766387939453e-07,8.714191790204495e-05,1.0
3-digit addition | Full FT,439,1.2000000476837158,1.0,0.20000000298023224,0.0,3.766139968774951e-07,1.0
3-digit addition | Full FT,440,1.2000000476837158,1.0,0.20000000298023224,1.1086463928222656e-05,0.0011469676392152905,1.0
3-digit addition | Full FT,441,1.2000000476837158,1.0,0.20000000298023224,0.0,2.25921695573561e-07,1.0
3-digit addition | Full FT,442,1.2000000476837158,1.0,0.20000000298023224,8.654594239487778e-06,0.0007594387279823422,1.0
3-digit addition | Full FT,443,1.2000000476837158,1.0,0.20000000298023224,0.0,1.2063726728683832e-07,1.0
3-digit addition | Full FT,444,1.2000000476837158,1.0,0.20000000298023224,0.0,1.148546175500087e-06,1.0
3-digit addition | Full FT,445,1.2000000476837158,1.0,0.20000000298023224,2.9802322387695312e-08,1.0737990123743657e-06,1.0
3-digit addition | Full FT,446,0.20000000298023224,0.0,0.20000000298023224,5.042722225189209,4.184348106384277,1.0
3-digit addition | Full FT,447,1.2000000476837158,1.0,0.20000000298023224,1.945495569088962e-05,1.325436733168317e-05,1.0
3-digit addition | Full FT,448,1.2000000476837158,1.0,0.20000000298023224,0.0,3.2713623454583285e-07,1.0
3-digit addition | Full FT,449,1.2000000476837158,1.0,0.20000000298023224,6.556510925292969e-07,4.57233763881959e-05,1.0
3-digit addition | Full FT,450,1.2000000476837158,1.0,0.20000000298023224,2.882861852645874,0.014217627234756947,1.0
3-digit addition | Full FT,451,1.2000000476837158,1.0,0.20000000298023224,1.9073486612342094e-07,1.7225231204065494e-05,1.0
3-digit addition | Full FT,452,1.2000000476837158,1.0,0.20000000298023224,2.3841858265427618e-08,8.553079737794178e-07,1.0
3-digit addition | Full FT,453,1.2000000476837158,1.0,0.20000000298023224,1.2159347534179688e-05,1.3930166460340843e-06,1.0
3-digit addition | Full FT,454,1.2000000476837158,1.0,0.20000000298023224,9.5367431640625e-07,8.79442086443305e-06,1.0
3-digit addition | Full FT,455,1.2000000476837158,1.0,0.20000000298023224,1.430511474609375e-06,8.364667155547068e-05,1.0
3-digit addition | Full FT,456,1.2000000476837158,1.0,0.20000000298023224,1.9371509552001953e-05,0.001921669696457684,1.0
3-digit addition | Full FT,457,0.32500001788139343,0.125,0.20000000298023224,5.229275226593018,55.646671295166016,0.0
3-digit addition | Full FT,458,1.2000000476837158,1.0,0.20000000298023224,0.0021868646144866943,0.3384520411491394,1.0
3-digit addition | Full FT,459,1.2000000476837158,1.0,0.20000000298023224,0.0,1.9475005785807298e-07,1.0
3-digit addition | Full FT,460,1.2000000476837158,1.0,0.20000000298023224,0.0002396106719970703,3.38243116857484e-05,1.0
3-digit addition | Full FT,461,1.2000000476837158,1.0,0.20000000298023224,0.0,3.2313573683495633e-07,1.0
3-digit addition | Full FT,462,1.2000000476837158,1.0,0.20000000298023224,5.513429641723633e-06,0.00029878303757868707,1.0
3-digit addition | Full FT,463,0.45000001788139343,0.25,0.20000000298023224,1.8510819673538208,50.83009719848633,0.0
3-digit addition | Full FT,464,1.2000000476837158,1.0,0.20000000298023224,0.00018088817887473851,0.027474457398056984,1.0
3-digit addition | Full FT,465,1.2000000476837158,1.0,0.20000000298023224,0.0,4.595687812525284e-07,1.0
3-digit addition | Full FT,466,0.20000000298023224,0.0,0.20000000298023224,2.990648031234741,2.0434722900390625,1.0
3-digit addition | Full FT,467,1.2000000476837158,1.0,0.20000000298023224,0.00014966726303100586,0.01513984426856041,1.0
3-digit addition | Full FT,468,1.2000000476837158,1.0,0.20000000298023224,0.0,2.6005329800682375e-07,1.0
3-digit addition | Full FT,469,0.20000000298023224,0.0,0.20000000298023224,2.92911434173584,0.9792464971542358,1.0
3-digit addition | Full FT,470,1.2000000476837158,1.0,0.20000000298023224,9.173154830932617e-05,0.0004716197436209768,1.0
3-digit addition | Full FT,471,1.2000000476837158,1.0,0.20000000298023224,1.728534698486328e-05,0.0018219122430309653,1.0
3-digit addition | Full FT,472,1.2000000476837158,1.0,0.20000000298023224,0.0,1.7201728041982278e-07,1.0
3-digit addition | Full FT,473,1.0250000953674316,0.875,0.15000000596046448,1.192377656698227,44.195186614990234,0.0
3-digit addition | Full FT,474,1.2000000476837158,1.0,0.20000000298023224,7.152557657263969e-08,4.880336291535059e-06,1.0
3-digit addition | Full FT,475,1.2000000476837158,1.0,0.20000000298023224,0.0,6.034483703842852e-07,1.0
3-digit addition | Full FT,476,1.2000000476837158,1.0,0.20000000298023224,3.409385726627079e-06,2.6035668270196766e-06,1.0
3-digit addition | Full FT,477,1.2000000476837158,1.0,0.20000000298023224,8.940696716308594e-08,7.399710284516914e-06,1.0
3-digit addition | Full FT,478,0.20000000298023224,0.0,0.20000000298023224,1.6410212516784668,1.3678719997406006,1.0
3-digit addition | Full FT,479,1.2000000476837158,1.0,0.20000000298023224,1.9073486612342094e-07,1.5690458894823678e-05,1.0
3-digit addition | Full FT,480,1.2000000476837158,1.0,0.20000000298023224,2.3841858265427618e-08,1.0905692988671944e-06,1.0
3-digit addition | Full FT,481,1.2000000476837158,1.0,0.20000000298023224,8.940696716308594e-08,5.252145001577446e-06,1.0
3-digit addition | Full FT,482,1.2000000476837158,1.0,0.20000000298023224,2.3841858265427618e-08,6.374881422743783e-07,1.0
3-digit addition | Full FT,483,1.2000000476837158,1.0,0.20000000298023224,9.059906005859375e-06,1.7044880223693326e-05,1.0
3-digit addition | Full FT,484,1.2000000476837158,1.0,0.20000000298023224,8.940696716308594e-08,6.6896009229822084e-06,1.0
3-digit addition | Full FT,485,0.8250000476837158,0.625,0.20000000298023224,0.9134971387684345,61.72417068481445,0.0
3-digit addition | Full FT,486,1.2000000476837158,1.0,0.20000000298023224,0.0,9.590801397507676e-08,1.0
3-digit addition | Full FT,487,1.2000000476837158,1.0,0.20000000298023224,2.9802322387695312e-08,1.494486014053109e-06,1.0
3-digit addition | Full FT,488,1.2000000476837158,1.0,0.20000000298023224,0.0,3.316002334941004e-07,1.0
3-digit addition | Full FT,489,1.2000000476837158,1.0,0.20000000298023224,0.002121567726135254,0.3699023425579071,1.0
3-digit addition | Full FT,490,1.2000000476837158,1.0,0.20000000298023224,2.9802322387695312e-08,1.0409756896478939e-06,1.0
3-digit addition | Full FT,491,1.2000000476837158,1.0,0.20000000298023224,0.0,8.65731806243275e-08,1.0
3-digit addition | Full FT,492,1.2000000476837158,1.0,0.20000000298023224,4.0531159584134e-07,6.419205078600498e-07,1.0
3-digit addition | Full FT,493,1.2000000476837158,1.0,0.20000000298023224,2.9802322387695312e-08,9.433666718905442e-07,1.0
3-digit addition | Full FT,494,1.2000000476837158,1.0,0.20000000298023224,4.76837158203125e-07,3.960204412578605e-05,1.0
3-digit addition | Full FT,495,1.2000000476837158,1.0,0.20000000298023224,1.1920928955078125e-07,6.101554845372448e-06,1.0
3-digit addition | Full FT,496,1.2000000476837158,1.0,0.20000000298023224,0.0,1.21680400866353e-07,1.0
3-digit addition | Full FT,497,1.2000000476837158,1.0,0.20000000298023224,5.960464477539063e-08,1.7409893189324066e-06,1.0
3-digit addition | Full FT,498,1.2000000476837158,1.0,0.20000000298023224,0.0016153097385540605,0.008424479514360428,1.0
3-digit addition | Full FT,499,1.2000000476837158,1.0,0.20000000298023224,1.468658410885837e-05,0.0011535866651684046,1.0
3-digit addition | Full FT,500,1.2000000476837158,1.0,0.20000000298023224,0.0,2.0355017227302596e-07,1.0
5-digit addition | Full FT,1,1.2000000476837158,1.0,0.20000000298023224,0.0,0.0,1.0
5-digit addition | Full FT,2,1.2000000476837158,1.0,0.20000000298023224,0.0,0.0,1.0
5-digit addition | Full FT,3,0.7000000476837158,0.5,0.20000000298023224,0.0,153.6815185546875,0.0
5-digit addition | Full FT,4,1.2000000476837158,1.0,0.20000000298023224,0.0,5.488026033617643e-09,1.0
5-digit addition | Full FT,5,1.2000000476837158,1.0,0.20000000298023224,0.0,1.3989922820201173e-07,1.0
5-digit addition | Full FT,6,1.2000000476837158,1.0,0.20000000298023224,0.0,1.9924920025005122e-07,1.0
5-digit addition | Full FT,7,0.45000001788139343,0.25,0.20000000298023224,0.000450066159828566,132.7483673095703,0.0
5-digit addition | Full FT,8,1.2000000476837158,1.0,0.20000000298023224,0.0,3.668034764814365e-08,1.0
5-digit addition | Full FT,9,1.2000000476837158,1.0,0.20000000298023224,8.514949634275126e-09,0.00010252047650283203,1.0
5-digit addition | Full FT,10,0.32500001788139343,0.125,0.20000000298023224,-1.0643687042843908e-09,57.71925354003906,0.0
5-digit addition | Full FT,11,1.2000000476837158,1.0,0.20000000298023224,0.0,1.881772914202884e-05,1.0
5-digit addition | Full FT,12,1.2000000476837158,1.0,0.20000000298023224,0.0,5.39600978299859e-06,1.0
5-digit addition | Full FT,13,1.2000000476837158,1.0,0.20000000298023224,1.6291936617562897e-06,0.0028367522172629833,1.0
5-digit addition | Full FT,14,1.2000000476837158,1.0,0.20000000298023224,0.0,2.025411276918021e-06,1.0
5-digit addition | Full FT,15,1.2000000476837158,1.0,0.20000000298023224,2.2138867450394173e-07,9.946416685124859e-05,1.0
5-digit addition | Full FT,16,1.2000000476837158,1.0,0.20000000298023224,7.947286206899662e-08,0.0001446279784431681,1.0
5-digit addition | Full FT,17,1.2000000476837158,1.0,0.20000000298023224,-9.934107758624577e-09,1.5747727388770727e-07,1.0
5-digit addition | Full FT,18,0.7000000476837158,0.5,0.20000000298023224,0.0003911703824996948,149.7969970703125,0.0
5-digit addition | Full FT,19,1.2000000476837158,1.0,0.20000000298023224,0.0,3.4437814377952236e-08,1.0
5-digit addition | Full FT,20,1.2000000476837158,1.0,0.20000000298023224,0.0,1.98702628040337e-06,1.0
5-digit addition | Full FT,21,1.2000000476837158,1.0,0.20000000298023224,8.514949456639442e-08,0.00014437992649618536,1.0
5-digit addition | Full FT,22,0.45000001788139343,0.25,0.20000000298023224,0.17420224100351334,57.41336441040039,0.0
5-digit addition | Full FT,23,1.2000000476837158,1.0,0.20000000298023224,2.128737293105587e-07,0.00016910105478018522,1.0
5-digit addition | Full FT,24,1.2000000476837158,1.0,0.20000000298023224,1.7029899268550253e-08,2.551471334300004e-05,1.0
5-digit addition | Full FT,25,1.2000000476837158,1.0,0.20000000298023224,1.0132789611816406e-05,0.029060490429401398,1.0
5-digit addition | Full FT,26,1.2000000476837158,1.0,0.20000000298023224,0.0,7.698500667174812e-06,1.0
5-digit addition | Full FT,27,0.8250000476837158,0.625,0.20000000298023224,0.04526524618268013,285.8589172363281,0.0
5-digit addition | Full FT,28,1.2000000476837158,1.0,0.20000000298023224,4.257474586211174e-07,0.00020652625244110823,1.0
5-digit addition | Full FT,29,1.2000000476837158,1.0,0.20000000298023224,4.002026230409683e-07,8.331501157954335e-05,1.0
5-digit addition | Full FT,30,1.2000000476837158,1.0,0.20000000298023224,6.301062285274384e-07,1.2394786608638242e-05,1.0
5-digit addition | Full FT,31,1.2000000476837158,1.0,0.20000000298023224,0.0035688679199665785,0.10429534316062927,1.0
5-digit addition | Full FT,32,1.2000000476837158,1.0,0.20000000298023224,1.4356204701471142e-05,0.006506491452455521,1.0
5-digit addition | Full FT,33,1.2000000476837158,1.0,0.20000000298023224,3.848756932711694e-06,0.0019133746391162276,1.0
5-digit addition | Full FT,34,1.0500000715255737,0.875,0.17500001192092896,0.014098247779202211,47.8511848449707,0.0
5-digit addition | Full FT,35,1.2000000476837158,1.0,0.20000000298023224,3.405979782655777e-07,6.340377876767889e-05,1.0
5-digit addition | Full FT,36,0.20000000298023224,0.0,0.20000000298023224,1.7260621786117554,13.146349906921387,1.0
5-digit addition | Full FT,37,1.2000000476837158,1.0,0.20000000298023224,0.00032736858702264726,0.5272349119186401,1.0
5-digit addition | Full FT,38,1.0750000476837158,0.875,0.20000000298023224,0.01841941726161167,102.00387573242188,0.0
5-digit addition | Full FT,39,0.5750000476837158,0.375,0.20000000298023224,1.2237456738948822,289.81805419921875,0.0
5-digit addition | Full FT,40,1.2000000476837158,1.0,0.20000000298023224,1.271565793103946e-06,0.010225153528153896,1.0
5-digit addition | Full FT,41,0.20000000298023224,0.0,0.20000000298023224,3.3206104040145874,11.529695510864258,1.0
5-digit addition | Full FT,42,1.2000000476837158,1.0,0.20000000298023224,-9.934107758624577e-09,1.4224156963393852e-08,1.0
5-digit addition | Full FT,43,0.20000000298023224,0.0,0.20000000298023224,2.59686541557312,48.34858322143555,1.0
5-digit addition | Full FT,44,0.20000000298023224,0.0,0.20000000298023224,1.328894019126892,0.9299027323722839,1.0
5-digit addition | Full FT,45,1.2000000476837158,1.0,0.20000000298023224,0.0001639808906475082,0.001459119375795126,1.0
5-digit addition | Full FT,46,1.2000000476837158,1.0,0.20000000298023224,5.960464477539063e-08,3.694577026180923e-05,1.0
5-digit addition | Full FT,47,0.20000000298023224,0.0,0.20000000298023224,2.2171428203582764,0.005941127426922321,1.0
5-digit addition | Full FT,48,0.20000000298023224,0.0,0.20000000298023224,0.5816769003868103,217.20362854003906,1.0
5-digit addition | Full FT,49,1.2000000476837158,1.0,0.20000000298023224,6.263596878852695e-05,0.051824722439050674,1.0
5-digit addition | Full FT,50,1.0750000476837158,0.875,0.20000000298023224,0.04107198701240122,68.49356842041016,0.0
5-digit addition | Full FT,51,1.2000000476837158,1.0,0.20000000298023224,2.6362282369518653e-05,0.010691741481423378,1.0
5-digit addition | Full FT,52,0.20000000298023224,0.0,0.20000000298023224,4.815961599349976,44.45624542236328,1.0
5-digit addition | Full FT,53,0.20000000298023224,0.0,0.20000000298023224,3.046456217765808,140.96031188964844,1.0
5-digit addition | Full FT,54,0.20000000298023224,0.0,0.20000000298023224,1.8881796598434448,3.6565914154052734,1.0
5-digit addition | Full FT,55,0.20000000298023224,0.0,0.20000000298023224,2.9623498916625977,32.03997039794922,1.0
5-digit addition | Full FT,56,0.30000001192092896,0.125,0.17500001192092896,2.2663501501083374,502.07855224609375,0.0
5-digit addition | Full FT,57,0.20000000298023224,0.0,0.20000000298023224,2.3012733459472656,3.490175724029541,1.0
5-digit addition | Full FT,58,0.20000000298023224,0.0,0.20000000298023224,3.4544191360473633,0.9851425290107727,1.0
5-digit addition | Full FT,59,0.15000000596046448,0.0,0.15000000596046448,4.436150074005127,85.33332061767578,0.0
5-digit addition | Full FT,60,0.17500001192092896,0.0,0.17500001192092896,3.1456977128982544,65.77570343017578,0.0
5-digit addition | Full FT,61,0.125,0.0,0.125,2.79071044921875,92.54739379882812,0.0
5-digit addition | Full FT,62,0.30000001192092896,0.125,0.17500001192092896,1.5227153897285461,33.95237350463867,0.0
5-digit addition | Full FT,63,0.20000000298023224,0.0,0.20000000298023224,2.3080155849456787,85.8743667602539,1.0
5-digit addition | Full FT,64,0.20000000298023224,0.0,0.20000000298023224,2.3030771017074585,11.27180290222168,1.0
5-digit addition | Full FT,65,0.4000000059604645,0.375,0.02500000037252903,1.1753395199775696,36.07597351074219,0.0
5-digit addition | Full FT,66,0.20000000298023224,0.0,0.20000000298023224,3.0592570304870605,27.66087532043457,1.0
5-digit addition | Full FT,67,0.20000000298023224,0.0,0.20000000298023224,2.273528575897217,12.234920501708984,1.0
5-digit addition | Full FT,68,0.375,0.25,0.125,1.3546573519706726,14.254683494567871,0.0
5-digit addition | Full FT,69,1.0,1.0,0.0,0.7055160403251648,1.0745632648468018,1.0
5-digit addition | Full FT,70,0.25,0.25,0.0,1.0529205799102783,8.819202423095703,0.0
5-digit addition | Full FT,71,0.8999999761581421,0.875,0.02500000037252903,1.0485961139202118,17.550846099853516,0.0
5-digit addition | Full FT,72,0.0,0.0,0.0,1.2320074439048767,3.640017509460449,1.0
5-digit addition | Full FT,73,0.44999998807907104,0.375,0.07500000298023224,1.501689076423645,16.65188217163086,0.0
5-digit addition | Full FT,74,0.30000001192092896,0.25,0.05000000074505806,2.0092397928237915,17.14665412902832,0.0
5-digit addition | Full FT,75,0.5250000357627869,0.375,0.15000000596046448,1.1491013765335083,37.111351013183594,0.0
5-digit addition | Full FT,76,0.800000011920929,0.75,0.05000000074505806,0.8649193942546844,8.421728134155273,0.0
5-digit addition | Full FT,77,0.0,0.0,0.0,1.389449417591095,4.018971920013428,1.0
5-digit addition | Full FT,78,0.02500000037252903,0.0,0.02500000037252903,1.3101795315742493,9.126364707946777,0.0
5-digit addition | Full FT,79,1.0,1.0,0.0,0.9872254133224487,0.456773042678833,1.0
5-digit addition | Full FT,80,0.17500001192092896,0.125,0.05000000074505806,0.9349105358123779,10.686708450317383,0.0
5-digit addition | Full FT,81,0.675000011920929,0.625,0.05000000074505806,0.8574154376983643,15.556233406066895,0.0
5-digit addition | Full FT,82,0.875,0.875,0.0,0.46575798094272614,7.311441898345947,0.0
5-digit addition | Full FT,83,0.7000000476837158,0.625,0.07500000298023224,0.8145919144153595,8.800507545471191,0.0
5-digit addition | Full FT,84,0.7750000357627869,0.625,0.15000000596046448,0.7531553506851196,23.564096450805664,0.0
5-digit addition | Full FT,85,0.800000011920929,0.75,0.05000000074505806,0.8719881474971771,6.776124477386475,0.0
5-digit addition | Full FT,86,0.2750000059604645,0.25,0.02500000037252903,1.0149247348308563,10.116558074951172,0.0
5-digit addition | Full FT,87,0.800000011920929,0.75,0.05000000074505806,0.7496097087860107,4.715547561645508,0.0
5-digit addition | Full FT,88,0.75,0.75,0.0,0.7153022289276123,8.91359806060791,0.0
5-digit addition | Full FT,89,0.875,0.875,0.0,0.7931828200817108,7.1579437255859375,0.0
5-digit addition | Full FT,90,1.0,1.0,0.0,0.6273580491542816,1.3438721895217896,1.0
5-digit addition | Full FT,91,1.0,1.0,0.0,0.6455937922000885,0.6009839773178101,1.0
5-digit addition | Full FT,92,0.375,0.375,0.0,0.8187240362167358,41.02280807495117,0.0
5-digit addition | Full FT,93,1.0,1.0,0.0,0.6068607568740845,0.47903457283973694,1.0
5-digit addition | Full FT,94,1.0,1.0,0.0,0.6865731775760651,5.442885398864746,1.0
5-digit addition | Full FT,95,1.0,1.0,0.0,0.7154479026794434,0.4944479167461395,1.0
5-digit addition | Full FT,96,1.0,1.0,0.0,0.7581269145011902,9.70944595336914,1.0
5-digit addition | Full FT,97,1.0,1.0,0.0,0.5587982833385468,0.5591213703155518,1.0
5-digit addition | Full FT,98,0.75,0.75,0.0,0.5906892716884613,5.1363420486450195,0.0
5-digit addition | Full FT,99,0.75,0.75,0.0,0.7549514174461365,8.113595008850098,0.0
5-digit addition | Full FT,100,0.875,0.875,0.0,0.7211874127388,8.812994003295898,0.0
5-digit addition | Full FT,101,0.5,0.5,0.0,0.7756686806678772,6.723321914672852,0.0
5-digit addition | Full FT,102,0.625,0.625,0.0,0.6493914723396301,7.175235748291016,0.0
5-digit addition | Full FT,103,0.375,0.375,0.0,1.1888061165809631,11.66360855102539,0.0
5-digit addition | Full FT,104,0.75,0.75,0.0,0.8667177557945251,16.467615127563477,0.0
5-digit addition | Full FT,105,0.875,0.875,0.0,0.7454164624214172,14.074423789978027,0.0
5-digit addition | Full FT,106,1.0,1.0,0.0,0.8787455558776855,1.0757713317871094,1.0
5-digit addition | Full FT,107,1.0,1.0,0.0,0.785905659198761,0.9855406880378723,1.0
5-digit addition | Full FT,108,0.875,0.875,0.0,0.9134279787540436,18.790529251098633,0.0
5-digit addition | Full FT,109,0.875,0.875,0.0,0.8040965795516968,15.384514808654785,0.0
5-digit addition | Full FT,110,0.875,0.875,0.0,0.6347532570362091,5.843039512634277,0.0
5-digit addition | Full FT,111,0.125,0.125,0.0,1.0183893144130707,14.345465660095215,0.0
5-digit addition | Full FT,112,0.75,0.75,0.0,0.7432357370853424,9.656265258789062,0.0
5-digit addition | Full FT,113,0.25,0.25,0.0,0.8406446576118469,10.563331604003906,0.0
5-digit addition | Full FT,114,0.75,0.75,0.0,0.6876826584339142,11.14140796661377,0.0
5-digit addition | Full FT,115,0.7749999761581421,0.75,0.02500000037252903,0.745220810174942,9.9019193649292,0.0
5-digit addition | Full FT,116,1.0,1.0,0.0,0.872743546962738,5.835811614990234,1.0
5-digit addition | Full FT,117,0.875,0.875,0.0,0.7835255861282349,19.606950759887695,0.0
5-digit addition | Full FT,118,0.375,0.375,0.0,0.8734267055988312,9.735432624816895,0.0
5-digit addition | Full FT,119,0.875,0.875,0.0,0.928832471370697,6.001678466796875,0.0
5-digit addition | Full FT,120,0.75,0.75,0.0,0.8124390840530396,7.478592872619629,0.0
5-digit addition | Full FT,121,0.375,0.375,0.0,0.6246174573898315,9.219429969787598,0.0
5-digit addition | Full FT,122,0.125,0.125,0.0,0.7924370467662811,10.870340347290039,0.0
5-digit addition | Full FT,123,0.875,0.875,0.0,0.6566321551799774,9.06885814666748,0.0
5-digit addition | Full FT,124,1.0,1.0,0.0,0.7748846113681793,2.7586669921875,1.0
5-digit addition | Full FT,125,0.0,0.0,0.0,0.7277774810791016,1.1025179624557495,1.0
5-digit addition | Full FT,126,0.75,0.75,0.0,0.7606823742389679,13.121806144714355,0.0
5-digit addition | Full FT,127,1.0,1.0,0.0,0.7285679578781128,2.3231146335601807,1.0
5-digit addition | Full FT,128,0.0,0.0,0.0,0.7389242947101593,1.9094746112823486,1.0
5-digit addition | Full FT,129,0.0,0.0,0.0,0.9356466829776764,2.380650043487549,1.0
5-digit addition | Full FT,130,0.625,0.625,0.0,0.9112643301486969,9.845943450927734,0.0
5-digit addition | Full FT,131,0.5,0.5,0.0,0.8644972145557404,10.621459007263184,0.0
5-digit addition | Full FT,132,0.625,0.625,0.0,0.9930686354637146,8.951550483703613,0.0
5-digit addition | Full FT,133,0.012500000186264515,0.0,0.012500000186264515,1.2589977979660034,10.717011451721191,0.0
5-digit addition | Full FT,134,0.637499988079071,0.625,0.012500000186264515,1.064319759607315,10.023543357849121,0.0
5-digit addition | Full FT,135,0.25,0.25,0.0,1.2969041466712952,14.403209686279297,0.0
5-digit addition | Full FT,136,0.625,0.625,0.0,0.6996760964393616,7.856388568878174,0.0
5-digit addition | Full FT,137,0.762499988079071,0.75,0.012500000186264515,1.1899820566177368,8.905586242675781,0.0
5-digit addition | Full FT,138,0.2750000059604645,0.25,0.02500000037252903,1.2958123683929443,12.785024642944336,0.0
5-digit addition | Full FT,139,0.762499988079071,0.75,0.012500000186264515,1.1440935134887695,8.952183723449707,0.0
5-digit addition | Full FT,140,0.637499988079071,0.625,0.012500000186264515,2.0796725153923035,37.922969818115234,0.0
5-digit addition | Full FT,141,0.6625000238418579,0.625,0.03750000149011612,1.7536424696445465,11.03875732421875,0.0
5-digit addition | Full FT,142,0.6000000238418579,0.5,0.10000000149011612,1.6642030477523804,12.897366523742676,0.0
5-digit addition | Full FT,143,0.45000001788139343,0.375,0.07500000298023224,1.290341317653656,9.713859558105469,0.0
5-digit addition | Full FT,144,0.7000000476837158,0.625,0.07500000298023224,0.8658145070075989,21.4705867767334,0.0
5-digit addition | Full FT,145,1.0,1.0,0.0,0.9037803709506989,1.00274658203125,1.0
5-digit addition | Full FT,146,0.9750000238418579,0.875,0.10000000149011612,0.9366918504238129,15.11155891418457,0.0
5-digit addition | Full FT,147,0.7749999761581421,0.75,0.02500000037252903,0.9779878556728363,11.501460075378418,0.0
5-digit addition | Full FT,148,0.7250000238418579,0.625,0.10000000149011612,1.0030212998390198,18.072711944580078,0.0
5-digit addition | Full FT,149,0.8999999761581421,0.875,0.02500000037252903,0.932494580745697,5.142063140869141,0.0
5-digit addition | Full FT,150,0.7000000476837158,0.625,0.07500000298023224,1.1868203580379486,10.317414283752441,0.0
5-digit addition | Full FT,151,0.7000000476837158,0.625,0.07500000298023224,0.985673725605011,18.63496971130371,0.0
5-digit addition | Full FT,152,0.07500000298023224,0.0,0.07500000298023224,1.9529818892478943,9.851943969726562,0.0
5-digit addition | Full FT,153,0.800000011920929,0.75,0.05000000074505806,0.8447597622871399,30.5091609954834,0.0
5-digit addition | Full FT,154,0.10000000149011612,0.0,0.10000000149011612,0.9335780739784241,17.445270538330078,0.0
5-digit addition | Full FT,155,0.20000000298023224,0.0,0.20000000298023224,2.814034581184387,7.073214530944824,1.0
5-digit addition | Full FT,156,1.2000000476837158,1.0,0.20000000298023224,0.00406483793631196,0.4708046317100525,1.0
5-digit addition | Full FT,157,0.42500001192092896,0.25,0.17500001192092896,1.97447669506073,52.3642578125,0.0
5-digit addition | Full FT,158,0.20000000298023224,0.0,0.20000000298023224,3.680722236633301,20.934326171875,1.0
5-digit addition | Full FT,159,0.20000000298023224,0.0,0.20000000298023224,1.1837515830993652,38.509185791015625,1.0
5-digit addition | Full FT,160,1.2000000476837158,1.0,0.20000000298023224,0.00016425337526015937,0.03550127521157265,1.0
5-digit addition | Full FT,161,1.2000000476837158,1.0,0.20000000298023224,0.01898980140686035,0.1180967465043068,1.0
5-digit addition | Full FT,162,1.2000000476837158,1.0,0.20000000298023224,5.1021575927734375e-05,0.009475138038396835,1.0
5-digit addition | Full FT,163,1.2000000476837158,1.0,0.20000000298023224,0.0051324195228517056,0.008314249105751514,1.0
5-digit addition | Full FT,164,0.20000000298023224,0.0,0.20000000298023224,3.6232086420059204,24.433452606201172,1.0
5-digit addition | Full FT,165,0.20000000298023224,0.0,0.20000000298023224,1.3652397394180298,8.142841339111328,1.0
5-digit addition | Full FT,166,1.2000000476837158,1.0,0.20000000298023224,0.0001507401466369629,0.00040748287574388087,1.0
5-digit addition | Full FT,167,0.20000000298023224,0.0,0.20000000298023224,0.2969741076231003,1.0272270441055298,1.0
5-digit addition | Full FT,168,1.2000000476837158,1.0,0.20000000298023224,1.5060107216413599e-05,0.0033228727988898754,1.0
5-digit addition | Full FT,169,0.550000011920929,0.5,0.05000000074505806,0.9216676354408264,26.30609130859375,0.0
5-digit addition | Full FT,170,1.2000000476837158,1.0,0.20000000298023224,8.64267349243164e-06,0.00184466817881912,1.0
5-digit addition | Full FT,171,0.5750000476837158,0.375,0.20000000298023224,0.7609939575195312,64.86857604980469,0.0
5-digit addition | Full FT,172,0.17500001192092896,0.0,0.17500001192092896,0.4006001204252243,48.14714050292969,0.0
5-digit addition | Full FT,173,0.20000000298023224,0.0,0.20000000298023224,2.1394643783569336,4.864497184753418,1.0
5-digit addition | Full FT,174,0.20000000298023224,0.0,0.20000000298023224,1.950480043888092,7.088791847229004,1.0
5-digit addition | Full FT,175,0.20000000298023224,0.0,0.20000000298023224,1.5656068325042725,0.2063385248184204,1.0
5-digit addition | Full FT,176,0.20000000298023224,0.0,0.20000000298023224,1.7124412059783936,42.278045654296875,1.0
5-digit addition | Full FT,177,0.20000000298023224,0.0,0.20000000298023224,1.8551703691482544,6.270009994506836,1.0
5-digit addition | Full FT,178,0.20000000298023224,0.0,0.20000000298023224,1.9719071984291077,3.8600850105285645,1.0
5-digit addition | Full FT,179,0.20000000298023224,0.0,0.20000000298023224,3.2341434955596924,2.42492938041687,1.0
5-digit addition | Full FT,180,0.20000000298023224,0.0,0.20000000298023224,2.5095369815826416,28.423019409179688,1.0
5-digit addition | Full FT,181,0.20000000298023224,0.0,0.20000000298023224,1.264776200056076,63.812889099121094,1.0
5-digit addition | Full FT,182,0.20000000298023224,0.0,0.20000000298023224,3.061957359313965,47.733116149902344,1.0
5-digit addition | Full FT,183,0.20000000298023224,0.0,0.20000000298023224,1.6305643320083618,15.186502456665039,1.0
5-digit addition | Full FT,184,0.20000000298023224,0.0,0.20000000298023224,2.9306777715682983,8.145079612731934,1.0
5-digit addition | Full FT,185,0.20000000298023224,0.0,0.20000000298023224,2.285243272781372,21.527273178100586,1.0
5-digit addition | Full FT,186,0.17500001192092896,0.0,0.17500001192092896,2.319296896457672,31.29109001159668,0.0
5-digit addition | Full FT,187,0.15000000596046448,0.0,0.15000000596046448,2.137845814228058,43.59724044799805,0.0
5-digit addition | Full FT,188,0.20000001788139343,0.125,0.07500000298023224,1.4339077472686768,11.387971878051758,0.0
5-digit addition | Full FT,189,0.20000000298023224,0.0,0.20000000298023224,3.8591779470443726,13.648703575134277,1.0
5-digit addition | Full FT,190,0.1875,0.0,0.1875,3.718279719352722,27.46926498413086,0.0
5-digit addition | Full FT,191,0.20000000298023224,0.0,0.20000000298023224,2.7734707593917847,11.15979290008545,1.0
5-digit addition | Full FT,192,0.20000000298023224,0.0,0.20000000298023224,3.0321489572525024,9.496167182922363,1.0
5-digit addition | Full FT,193,0.17500001192092896,0.0,0.17500001192092896,2.4945952892303467,35.1524543762207,0.0
5-digit addition | Full FT,194,0.20000000298023224,0.0,0.20000000298023224,2.1315698623657227,7.180264472961426,1.0
5-digit addition | Full FT,195,0.20000000298023224,0.0,0.20000000298023224,2.3440043926239014,14.215923309326172,1.0
5-digit addition | Full FT,196,0.20000000298023224,0.0,0.20000000298023224,2.337594747543335,11.250483512878418,1.0
5-digit addition | Full FT,197,0.20000000298023224,0.0,0.20000000298023224,0.9002195298671722,1.7800847291946411,1.0
5-digit addition | Full FT,198,0.17500001192092896,0.0,0.17500001192092896,1.430872619152069,16.828886032104492,0.0
5-digit addition | Full FT,199,0.20000000298023224,0.0,0.20000000298023224,2.2261905670166016,14.582382202148438,1.0
5-digit addition | Full FT,200,0.20000000298023224,0.0,0.20000000298023224,3.2696545124053955,5.71553373336792,1.0
5-digit addition | Full FT,201,0.20000000298023224,0.0,0.20000000298023224,1.7966266870498657,8.662272453308105,1.0
5-digit addition | Full FT,202,0.20000000298023224,0.0,0.20000000298023224,1.6526001691818237,3.652858257293701,1.0
5-digit addition | Full FT,203,0.20000000298023224,0.0,0.20000000298023224,1.6034185886383057,4.6406569480896,1.0
5-digit addition | Full FT,204,0.20000000298023224,0.0,0.20000000298023224,2.571286201477051,2.101450204849243,1.0
5-digit addition | Full FT,205,0.17500001192092896,0.0,0.17500001192092896,2.208672523498535,27.886520385742188,0.0
5-digit addition | Full FT,206,0.20000000298023224,0.0,0.20000000298023224,1.4877132773399353,4.830531597137451,1.0
5-digit addition | Full FT,207,0.45000001788139343,0.25,0.20000000298023224,1.8748512864112854,20.529802322387695,0.0
5-digit addition | Full FT,208,0.20000000298023224,0.0,0.20000000298023224,2.064850330352783,4.004551410675049,1.0
5-digit addition | Full FT,209,0.20000000298023224,0.0,0.20000000298023224,2.1062904596328735,8.965141296386719,1.0
5-digit addition | Full FT,210,0.20000000298023224,0.0,0.20000000298023224,1.633598268032074,9.619712829589844,1.0
5-digit addition | Full FT,211,0.20000000298023224,0.0,0.20000000298023224,2.8871989250183105,6.4630208015441895,1.0
5-digit addition | Full FT,212,0.20000000298023224,0.0,0.20000000298023224,1.891850769519806,3.6922996044158936,1.0
5-digit addition | Full FT,213,0.20000000298023224,0.0,0.20000000298023224,2.8286073207855225,17.322134017944336,1.0
5-digit addition | Full FT,214,0.20000000298023224,0.0,0.20000000298023224,1.979310929775238,4.201287269592285,1.0
5-digit addition | Full FT,215,0.20000000298023224,0.0,0.20000000298023224,1.16282057762146,2.977555513381958,1.0
5-digit addition | Full FT,216,0.20000000298023224,0.0,0.20000000298023224,1.9420666098594666,8.220494270324707,1.0
5-digit addition | Full FT,217,0.20000000298023224,0.0,0.20000000298023224,1.8887192010879517,5.14961051940918,1.0
5-digit addition | Full FT,218,0.20000000298023224,0.0,0.20000000298023224,2.808345079421997,9.062859535217285,1.0
5-digit addition | Full FT,219,0.20000000298023224,0.0,0.20000000298023224,2.5673089027404785,7.486626625061035,1.0
5-digit addition | Full FT,220,0.17500001192092896,0.0,0.17500001192092896,2.0244986414909363,19.8974552154541,0.0
5-digit addition | Full FT,221,0.20000000298023224,0.0,0.20000000298023224,1.6638256907463074,18.108970642089844,1.0
5-digit addition | Full FT,222,0.20000000298023224,0.0,0.20000000298023224,1.7219117879867554,8.338428497314453,1.0
5-digit addition | Full FT,223,0.20000000298023224,0.0,0.20000000298023224,2.887744188308716,13.138498306274414,1.0
5-digit addition | Full FT,224,0.20000000298023224,0.0,0.20000000298023224,1.7405825853347778,2.688450574874878,1.0
5-digit addition | Full FT,225,0.20000000298023224,0.0,0.20000000298023224,2.0122642517089844,5.258598327636719,1.0
5-digit addition | Full FT,226,0.20000000298023224,0.0,0.20000000298023224,2.04412978887558,2.538555145263672,1.0
5-digit addition | Full FT,227,0.20000000298023224,0.0,0.20000000298023224,1.9701231718063354,3.366502523422241,1.0
5-digit addition | Full FT,228,0.20000000298023224,0.0,0.20000000298023224,1.2101225852966309,4.826887607574463,1.0
5-digit addition | Full FT,229,0.20000000298023224,0.0,0.20000000298023224,2.349617838859558,11.22899341583252,1.0
5-digit addition | Full FT,230,0.20000000298023224,0.0,0.20000000298023224,1.7249715924263,3.885070323944092,1.0
5-digit addition | Full FT,231,0.20000000298023224,0.0,0.20000000298023224,2.787574291229248,5.2169365882873535,1.0
5-digit addition | Full FT,232,0.20000000298023224,0.0,0.20000000298023224,1.9822010397911072,6.889845371246338,1.0
5-digit addition | Full FT,233,0.20000000298023224,0.0,0.20000000298023224,2.087989330291748,5.990272521972656,1.0
5-digit addition | Full FT,234,0.20000000298023224,0.0,0.20000000298023224,1.3091828227043152,1.4838072061538696,1.0
5-digit addition | Full FT,235,0.20000000298023224,0.0,0.20000000298023224,1.8047487139701843,4.515884876251221,1.0
5-digit addition | Full FT,236,0.20000000298023224,0.0,0.20000000298023224,2.3742849826812744,5.000210762023926,1.0
5-digit addition | Full FT,237,0.20000000298023224,0.0,0.20000000298023224,1.3718342185020447,2.6858696937561035,1.0
5-digit addition | Full FT,238,0.20000000298023224,0.0,0.20000000298023224,1.935278058052063,2.1592445373535156,1.0
5-digit addition | Full FT,239,0.20000000298023224,0.0,0.20000000298023224,2.395110607147217,1.4849705696105957,1.0
5-digit addition | Full FT,240,0.20000000298023224,0.0,0.20000000298023224,0.615267276763916,8.668999671936035,1.0
5-digit addition | Full FT,241,0.20000000298023224,0.0,0.20000000298023224,1.5488939881324768,4.991392612457275,1.0
5-digit addition | Full FT,242,0.20000000298023224,0.0,0.20000000298023224,1.3250063359737396,34.563812255859375,1.0
5-digit addition | Full FT,243,0.20000000298023224,0.0,0.20000000298023224,1.3965267539024353,3.0496714115142822,1.0
5-digit addition | Full FT,244,0.20000000298023224,0.0,0.20000000298023224,2.584184408187866,13.582898139953613,1.0
5-digit addition | Full FT,245,0.20000000298023224,0.0,0.20000000298023224,1.8784611821174622,5.055120944976807,1.0
5-digit addition | Full FT,246,0.20000000298023224,0.0,0.20000000298023224,1.5727980136871338,4.6977667808532715,1.0
5-digit addition | Full FT,247,0.45000001788139343,0.25,0.20000000298023224,1.4199049472808838,23.425954818725586,0.0
5-digit addition | Full FT,248,0.20000000298023224,0.0,0.20000000298023224,0.7679866254329681,3.397270679473877,1.0
5-digit addition | Full FT,249,0.20000000298023224,0.0,0.20000000298023224,1.7498835921287537,2.851832151412964,1.0
5-digit addition | Full FT,250,0.5750000476837158,0.375,0.20000000298023224,0.17463205009698868,21.899063110351562,0.0
5-digit addition | Full FT,251,0.9500000476837158,0.75,0.20000000298023224,0.26425065100193024,20.17437744140625,0.0
5-digit addition | Full FT,252,0.550000011920929,0.375,0.17500001192092896,0.7302518337965012,37.458274841308594,0.0
5-digit addition | Full FT,253,0.20000000298023224,0.0,0.20000000298023224,2.709176540374756,5.548522472381592,1.0
5-digit addition | Full FT,254,0.1875,0.0,0.1875,3.1704221963882446,58.24081802368164,0.0
5-digit addition | Full FT,255,0.5625,0.5,0.0625,2.1150466203689575,21.75000762939453,0.0
5-digit addition | Full FT,256,0.1875,0.0,0.1875,3.5104981660842896,21.77393341064453,0.0
5-digit addition | Full FT,257,0.1875,0.0,0.1875,4.3138827085494995,139.92361450195312,0.0
5-digit addition | Full FT,258,0.15000000596046448,0.0,0.15000000596046448,3.5118789672851562,46.05715560913086,0.0
5-digit addition | Full FT,259,0.20000000298023224,0.0,0.20000000298023224,2.0042614340782166,9.929911613464355,1.0
5-digit addition | Full FT,260,0.20000000298023224,0.0,0.20000000298023224,1.0737248659133911,2.8087375164031982,1.0
5-digit addition | Full FT,261,0.6500000357627869,0.5,0.15000000596046448,1.2705127596855164,36.58452224731445,0.0
5-digit addition | Full FT,262,0.20000000298023224,0.0,0.20000000298023224,3.2260711193084717,10.386831283569336,1.0
5-digit addition | Full FT,263,0.20000000298023224,0.0,0.20000000298023224,1.8079882860183716,9.91153335571289,1.0
5-digit addition | Full FT,264,1.2000000476837158,1.0,0.20000000298023224,0.00013751642836723477,0.02563190646469593,1.0
5-digit addition | Full FT,265,1.2000000476837158,1.0,0.20000000298023224,0.00011135850945720449,0.015398030169308186,1.0
5-digit addition | Full FT,266,0.20000000298023224,0.0,0.20000000298023224,2.0569605231285095,32.85498046875,1.0
5-digit addition | Full FT,267,1.2000000476837158,1.0,0.20000000298023224,0.00012358029198367149,0.009957993403077126,1.0
5-digit addition | Full FT,268,0.8250000476837158,0.625,0.20000000298023224,0.677477553486824,149.75279235839844,0.0
5-digit addition | Full FT,269,1.0750000476837158,0.875,0.20000000298023224,0.1742272162809968,25.62247657775879,0.0
5-digit addition | Full FT,270,1.2000000476837158,1.0,0.20000000298023224,0.00012177228927612305,0.01027629803866148,1.0
5-digit addition | Full FT,271,1.2000000476837158,1.0,0.20000000298023224,0.05598551779985428,0.8639101386070251,1.0
5-digit addition | Full FT,272,0.675000011920929,0.5,0.17500001192092896,1.6885767579078674,27.24930191040039,0.0
5-digit addition | Full FT,273,1.2000000476837158,1.0,0.20000000298023224,2.110004425048828e-05,0.0014953170903027058,1.0
5-digit addition | Full FT,274,0.9500000476837158,0.75,0.20000000298023224,1.603642225265503,53.36515426635742,0.0
5-digit addition | Full FT,275,1.2000000476837158,1.0,0.20000000298023224,0.000831305980682373,0.08967578411102295,1.0
5-digit addition | Full FT,276,0.15000000596046448,0.0,0.15000000596046448,1.4317476749420166,35.924442291259766,0.0
5-digit addition | Full FT,277,0.9500000476837158,0.75,0.20000000298023224,0.3584720492362976,77.49897003173828,0.0
5-digit addition | Full FT,278,1.0750000476837158,0.875,0.20000000298023224,0.14158234425121918,21.27339744567871,0.0
5-digit addition | Full FT,279,1.2000000476837158,1.0,0.20000000298023224,0.006638765335083008,1.1077008247375488,1.0
5-digit addition | Full FT,280,1.2000000476837158,1.0,0.20000000298023224,0.0001423160283593461,0.013258328661322594,1.0
5-digit addition | Full FT,281,1.2000000476837158,1.0,0.20000000298023224,1.9482204152154736e-05,0.0005300933262333274,1.0
5-digit addition | Full FT,282,1.2000000476837158,1.0,0.20000000298023224,0.0032219092827290297,0.41463708877563477,1.0
5-digit addition | Full FT,283,1.2000000476837158,1.0,0.20000000298023224,3.1335014227806823e-06,0.0002544407034292817,1.0
5-digit addition | Full FT,284,0.20000000298023224,0.0,0.20000000298023224,1.8932061791419983,14.11133861541748,1.0
5-digit addition | Full FT,285,0.20000000298023224,0.0,0.20000000298023224,0.006476947106420994,0.2236851006746292,1.0
5-digit addition | Full FT,286,0.20000000298023224,0.0,0.20000000298023224,3.465038299560547,0.04950429126620293,1.0
5-digit addition | Full FT,287,1.2000000476837158,1.0,0.20000000298023224,8.344650268554688e-06,0.0005262730992399156,1.0
5-digit addition | Full FT,288,0.32500001788139343,0.125,0.20000000298023224,0.8618654608726501,37.71532440185547,0.0
5-digit addition | Full FT,289,1.2000000476837158,1.0,0.20000000298023224,8.344650268554688e-07,3.526255750330165e-05,1.0
5-digit addition | Full FT,290,0.20000000298023224,0.0,0.20000000298023224,0.5756120085716248,4.91367244720459,1.0
5-digit addition | Full FT,291,0.20000000298023224,0.0,0.20000000298023224,2.9027633666992188,8.087384223937988,1.0
5-digit addition | Full FT,292,1.2000000476837158,1.0,0.20000000298023224,6.301062285274384e-07,5.037675509811379e-05,1.0
5-digit addition | Full FT,293,1.2000000476837158,1.0,0.20000000298023224,3.388949699001387e-05,0.0025979159399867058,1.0
5-digit addition | Full FT,294,0.45000001788139343,0.25,0.20000000298023224,1.130025029182434,80.32589721679688,0.0
5-digit addition | Full FT,295,0.20000000298023224,0.0,0.20000000298023224,5.32990300655365,420.7507019042969,1.0
5-digit addition | Full FT,296,1.2000000476837158,1.0,0.20000000298023224,2.193450927734375e-05,0.0027530761435627937,1.0
5-digit addition | Full FT,297,0.7000000476837158,0.5,0.20000000298023224,0.5768267661333084,46.92052459716797,0.0
5-digit addition | Full FT,298,1.2000000476837158,1.0,0.20000000298023224,1.5497207641601562e-06,0.0001112921818275936,1.0
5-digit addition | Full FT,299,0.32500001788139343,0.125,0.20000000298023224,0.8790087997913361,42.7223014831543,0.0
5-digit addition | Full FT,300,0.20000000298023224,0.0,0.20000000298023224,1.3074498772621155,10.645298957824707,1.0
5-digit addition | Full FT,301,1.2000000476837158,1.0,0.20000000298023224,7.646424819540698e-06,0.0009929174557328224,1.0
5-digit addition | Full FT,302,0.20000000298023224,0.0,0.20000000298023224,1.553527593612671,2.749309539794922,1.0
5-digit addition | Full FT,303,0.20000000298023224,0.0,0.20000000298023224,1.864482581615448,11.01855754852295,1.0
5-digit addition | Full FT,304,0.20000000298023224,0.0,0.20000000298023224,3.374699592590332,1.8088120222091675,1.0
5-digit addition | Full FT,305,0.20000000298023224,0.0,0.20000000298023224,1.6759198904037476,4.332518100738525,1.0
5-digit addition | Full FT,306,0.20000000298023224,0.0,0.20000000298023224,2.0641337633132935,1.499084711074829,1.0
5-digit addition | Full FT,307,1.0750000476837158,0.875,0.20000000298023224,0.058805352076888084,25.861921310424805,0.0
5-digit addition | Full FT,308,1.0750000476837158,0.875,0.20000000298023224,1.1247857213020325,15.0322265625,0.0
5-digit addition | Full FT,309,0.5750000476837158,0.375,0.20000000298023224,3.5898189544677734,65.79953002929688,0.0
5-digit addition | Full FT,310,1.2000000476837158,1.0,0.20000000298023224,1.1207700967788696,0.335818886756897,1.0
5-digit addition | Full FT,311,0.20000000298023224,0.0,0.20000000298023224,3.5908113718032837,6.27129602432251,1.0
5-digit addition | Full FT,312,0.20000000298023224,0.0,0.20000000298023224,3.0891517400741577,5.976784706115723,1.0
5-digit addition | Full FT,313,1.2000000476837158,1.0,0.20000000298023224,0.00016554196190554649,0.018394825980067253,1.0
5-digit addition | Full FT,314,0.20000000298023224,0.0,0.20000000298023224,2.2656562328338623,0.8075751662254333,1.0
5-digit addition | Full FT,315,1.0750000476837158,0.875,0.20000000298023224,2.314579725265503,21.084871292114258,0.0
5-digit addition | Full FT,316,1.2000000476837158,1.0,0.20000000298023224,0.41383662819862366,2.154463291168213,1.0
5-digit addition | Full FT,317,0.20000000298023224,0.0,0.20000000298023224,1.0255376398563385,6.397486209869385,1.0
5-digit addition | Full FT,318,1.2000000476837158,1.0,0.20000000298023224,0.0001907518890220672,0.04781964048743248,1.0
5-digit addition | Full FT,319,0.9500000476837158,0.75,0.20000000298023224,0.3803080916404724,27.659587860107422,0.0
5-digit addition | Full FT,320,1.2000000476837158,1.0,0.20000000298023224,0.00044817585148848593,0.04540356621146202,1.0
5-digit addition | Full FT,321,0.20000000298023224,0.0,0.20000000298023224,0.9501944780349731,3.7685704231262207,1.0
5-digit addition | Full FT,322,1.0750000476837158,0.875,0.20000000298023224,0.17633429169654846,24.515993118286133,0.0
5-digit addition | Full FT,323,1.2000000476837158,1.0,0.20000000298023224,1.8292675018310547,0.8381619453430176,1.0
5-digit addition | Full FT,324,0.20000000298023224,0.0,0.20000000298023224,2.527105450630188,17.37779998779297,1.0
5-digit addition | Full FT,325,0.20000000298023224,0.0,0.20000000298023224,0.6586149632930756,1.8956964015960693,1.0
5-digit addition | Full FT,326,1.2000000476837158,1.0,0.20000000298023224,9.92332206806168e-05,0.008396807126700878,1.0
5-digit addition | Full FT,327,1.0750000476837158,0.875,0.20000000298023224,0.1677811644040048,43.98185348510742,0.0
5-digit addition | Full FT,328,0.7000000476837158,0.5,0.20000000298023224,1.0950689613819122,27.734827041625977,0.0
5-digit addition | Full FT,329,1.2000000476837158,1.0,0.20000000298023224,0.0005759000778198242,0.13818472623825073,1.0
5-digit addition | Full FT,330,1.0750000476837158,0.875,0.20000000298023224,0.14197243537637405,32.35619354248047,0.0
5-digit addition | Full FT,331,1.2000000476837158,1.0,0.20000000298023224,0.3980422616004944,0.08817311376333237,1.0
5-digit addition | Full FT,332,0.20000000298023224,0.0,0.20000000298023224,0.13377191126346588,1.6249204874038696,1.0
5-digit addition | Full FT,333,0.20000000298023224,0.0,0.20000000298023224,0.42082928121089935,2.2688190937042236,1.0
5-digit addition | Full FT,334,1.0750000476837158,0.875,0.20000000298023224,0.035765027394518256,28.70516586303711,0.0
5-digit addition | Full FT,335,1.0750000476837158,0.875,0.20000000298023224,0.11826096230652183,15.103187561035156,0.0
5-digit addition | Full FT,336,1.0750000476837158,0.875,0.20000000298023224,0.09490050483145751,24.733158111572266,0.0
5-digit addition | Full FT,337,1.2000000476837158,1.0,0.20000000298023224,0.00010236104571959004,0.0033479423727840185,1.0
5-digit addition | Full FT,338,1.2000000476837158,1.0,0.20000000298023224,0.000691533088684082,0.07410731166601181,1.0
5-digit addition | Full FT,339,1.2000000476837158,1.0,0.20000000298023224,9.395395318279043e-05,0.011272349394857883,1.0
5-digit addition | Full FT,340,0.20000000298023224,0.0,0.20000000298023224,0.8558409214019775,5.0967631340026855,1.0
5-digit addition | Full FT,341,0.20000000298023224,0.0,0.20000000298023224,0.7847331166267395,1.4724596738815308,1.0
5-digit addition | Full FT,342,1.2000000476837158,1.0,0.20000000298023224,3.9259593904716894e-05,0.002330687828361988,1.0
5-digit addition | Full FT,343,1.0750000476837158,0.875,0.20000000298023224,0.10619695589412004,11.221120834350586,0.0
5-digit addition | Full FT,344,1.0750000476837158,0.875,0.20000000298023224,1.5076324939727783,23.497358322143555,0.0
5-digit addition | Full FT,345,1.2000000476837158,1.0,0.20000000298023224,0.00034368038177490234,0.03988013043999672,1.0
5-digit addition | Full FT,346,0.20000000298023224,0.0,0.20000000298023224,0.6109580397605896,14.830316543579102,1.0
5-digit addition | Full FT,347,0.17500001192092896,0.0,0.17500001192092896,0.27085305750370026,13.058161735534668,0.0
5-digit addition | Full FT,348,1.2000000476837158,1.0,0.20000000298023224,3.1164713618636597e-06,0.00021800343529321253,1.0
5-digit addition | Full FT,349,0.20000000298023224,0.0,0.20000000298023224,0.7416654825210571,0.8259812593460083,1.0
5-digit addition | Full FT,350,1.0750000476837158,0.875,0.20000000298023224,0.09215922973817214,26.439285278320312,0.0
5-digit addition | Full FT,351,0.7000000476837158,0.5,0.20000000298023224,0.49338868260383606,54.12401580810547,0.0
5-digit addition | Full FT,352,0.20000000298023224,0.0,0.20000000298023224,0.2763557434082031,4.160292625427246,1.0
5-digit addition | Full FT,353,1.1750000715255737,1.0,0.17500001192092896,0.3012956182160451,17.573259353637695,0.0
5-digit addition | Full FT,354,0.9500000476837158,0.75,0.20000000298023224,0.37082207202911377,70.26849365234375,0.0
5-digit addition | Full FT,355,1.2000000476837158,1.0,0.20000000298023224,9.075232810573652e-05,0.021525898948311806,1.0
5-digit addition | Full FT,356,1.2000000476837158,1.0,0.20000000298023224,0.00028824806213378906,0.0011403911048546433,1.0
5-digit addition | Full FT,357,1.2000000476837158,1.0,0.20000000298023224,3.286770379418158e-06,0.0003353044157847762,1.0
5-digit addition | Full FT,358,1.2000000476837158,1.0,0.20000000298023224,0.007376988884061575,1.7887241840362549,1.0
5-digit addition | Full FT,359,0.20000000298023224,0.0,0.20000000298023224,0.2136167176067829,10.894610404968262,1.0
5-digit addition | Full FT,360,0.32500001788139343,0.125,0.20000000298023224,1.1818138659000397,68.32669067382812,0.0
5-digit addition | Full FT,361,1.2000000476837158,1.0,0.20000000298023224,1.1324882507324219e-06,0.00016512293950654566,1.0
5-digit addition | Full FT,362,1.0750000476837158,0.875,0.20000000298023224,0.08467988175107166,23.222253799438477,0.0
5-digit addition | Full FT,363,1.2000000476837158,1.0,0.20000000298023224,1.0132789611816406e-06,6.697559729218483e-05,1.0
5-digit addition | Full FT,364,1.0750000476837158,0.875,0.20000000298023224,0.13136901176767424,38.77960205078125,0.0
5-digit addition | Full FT,365,1.2000000476837158,1.0,0.20000000298023224,3.797667432081653e-06,6.824163574492559e-05,1.0
5-digit addition | Full FT,366,1.2000000476837158,1.0,0.20000000298023224,2.3245811462402344e-06,0.0001654519874136895,1.0
5-digit addition | Full FT,367,1.2000000476837158,1.0,0.20000000298023224,5.790165573671402e-07,4.822471964871511e-05,1.0
5-digit addition | Full FT,368,1.2000000476837158,1.0,0.20000000298023224,6.471361189142044e-07,3.987893433077261e-05,1.0
5-digit addition | Full FT,369,1.2000000476837158,1.0,0.20000000298023224,0.2363346815109253,0.0034891292452812195,1.0
5-digit addition | Full FT,370,1.2000000476837158,1.0,0.20000000298023224,3.0616920412285253e-05,0.006718327756971121,1.0
5-digit addition | Full FT,371,1.0750000476837158,0.875,0.20000000298023224,1.6738914847373962,23.595224380493164,0.0
5-digit addition | Full FT,372,1.2000000476837158,1.0,0.20000000298023224,8.174351364687027e-07,6.719415250699967e-05,1.0
5-digit addition | Full FT,373,1.2000000476837158,1.0,0.20000000298023224,0.00010188988380832598,0.01698370836675167,1.0
5-digit addition | Full FT,374,1.2000000476837158,1.0,0.20000000298023224,6.982258469179214e-07,4.789853483089246e-05,1.0
5-digit addition | Full FT,375,1.2000000476837158,1.0,0.20000000298023224,0.0009208406554535031,0.0007275507086887956,1.0
5-digit addition | Full FT,376,1.2000000476837158,1.0,0.20000000298023224,1.2942722378284088e-06,9.106579091167077e-05,1.0
5-digit addition | Full FT,377,1.2000000476837158,1.0,0.20000000298023224,1.2431825780367944e-05,0.00038677247357554734,1.0
5-digit addition | Full FT,378,1.2000000476837158,1.0,0.20000000298023224,3.2016209843277466e-06,0.001543043297715485,1.0
5-digit addition | Full FT,379,1.2000000476837158,1.0,0.20000000298023224,2.2138867450394173e-07,1.5961008102749474e-05,1.0
5-digit addition | Full FT,380,1.0750000476837158,0.875,0.20000000298023224,0.13654534303350374,31.516324996948242,0.0
5-digit addition | Full FT,381,1.0750000476837158,0.875,0.20000000298023224,0.33665525913238525,71.12763214111328,0.0
5-digit addition | Full FT,382,1.2000000476837158,1.0,0.20000000298023224,1.3709068298339844e-06,0.00017921722610481083,1.0
5-digit addition | Full FT,383,1.2000000476837158,1.0,0.20000000298023224,2.5544846948832856e-07,2.1752148313680664e-05,1.0
5-digit addition | Full FT,384,1.2000000476837158,1.0,0.20000000298023224,1.667227115831338e-05,3.148038013023324e-05,1.0
5-digit addition | Full FT,385,0.20000000298023224,0.0,0.20000000298023224,0.8431698679924011,1.5958634614944458,1.0
5-digit addition | Full FT,386,0.20000000298023224,0.0,0.20000000298023224,1.7133516669273376,6.915970802307129,1.0
5-digit addition | Full FT,387,1.2000000476837158,1.0,0.20000000298023224,8.58306884765625e-06,0.00086330680642277,1.0
5-digit addition | Full FT,388,1.2000000476837158,1.0,0.20000000298023224,5.960464477539062e-07,4.780177914653905e-05,1.0
5-digit addition | Full FT,389,1.2000000476837158,1.0,0.20000000298023224,0.0022825172636657953,0.10046134889125824,1.0
5-digit addition | Full FT,390,1.2000000476837158,1.0,0.20000000298023224,0.005945762153714895,1.5252668857574463,1.0
5-digit addition | Full FT,391,1.2000000476837158,1.0,0.20000000298023224,0.08376635611057281,0.004609899595379829,1.0
5-digit addition | Full FT,392,1.0750000476837158,0.875,0.20000000298023224,0.03662631008774042,24.590871810913086,0.0
5-digit addition | Full FT,393,1.2000000476837158,1.0,0.20000000298023224,8.304913535539526e-06,0.003357871435582638,1.0
5-digit addition | Full FT,394,1.2000000476837158,1.0,0.20000000298023224,4.710753637482412e-05,0.007693055085837841,1.0
5-digit addition | Full FT,395,0.20000000298023224,0.0,0.20000000298023224,0.26676633208990097,13.24301815032959,1.0
5-digit addition | Full FT,396,1.2000000476837158,1.0,0.20000000298023224,1.1484843492507935,1.2429701089859009,1.0
5-digit addition | Full FT,397,1.2000000476837158,1.0,0.20000000298023224,4.390875346871326e-06,0.00035082516842521727,1.0
5-digit addition | Full FT,398,1.0750000476837158,0.875,0.20000000298023224,0.23501770198345184,22.640857696533203,0.0
5-digit addition | Full FT,399,1.2000000476837158,1.0,0.20000000298023224,5.8157103921985254e-05,0.0002146312763215974,1.0
5-digit addition | Full FT,400,1.2000000476837158,1.0,0.20000000298023224,9.40050358622102e-06,0.00011150391219416633,1.0
5-digit addition | Full FT,401,1.2000000476837158,1.0,0.20000000298023224,4.228523903293535e-05,0.007257252000272274,1.0
5-digit addition | Full FT,402,1.2000000476837158,1.0,0.20000000298023224,1.5667495727539062,2.6924023628234863,1.0
5-digit addition | Full FT,403,1.2000000476837158,1.0,0.20000000298023224,2.7815499947791977e-07,1.732375312712975e-05,1.0
5-digit addition | Full FT,404,1.2000000476837158,1.0,0.20000000298023224,0.45071321725845337,0.02681247517466545,1.0
5-digit addition | Full FT,405,1.2000000476837158,1.0,0.20000000298023224,2.3047130071063293e-06,0.0003005617472808808,1.0
5-digit addition | Full FT,406,1.2000000476837158,1.0,0.20000000298023224,3.848756932711694e-06,0.001099462155252695,1.0
5-digit addition | Full FT,407,1.2000000476837158,1.0,0.20000000298023224,7.351239332820114e-07,5.1613478717627004e-05,1.0
5-digit addition | Full FT,408,1.2000000476837158,1.0,0.20000000298023224,6.35782896551973e-07,7.89814512245357e-05,1.0
5-digit addition | Full FT,409,1.2000000476837158,1.0,0.20000000298023224,0.00026413373416289687,0.06826257705688477,1.0
5-digit addition | Full FT,410,1.2000000476837158,1.0,0.20000000298023224,1.6689300537109375e-06,0.0002233508275821805,1.0
5-digit addition | Full FT,411,1.2000000476837158,1.0,0.20000000298023224,1.3510386452253442e-05,0.004329793620854616,1.0
5-digit addition | Full FT,412,0.9500000476837158,0.75,0.20000000298023224,0.3964172601699829,40.14015579223633,0.0
5-digit addition | Full FT,413,1.2000000476837158,1.0,0.20000000298023224,7.748603820800781e-07,0.00011404389078961685,1.0
5-digit addition | Full FT,414,1.2000000476837158,1.0,0.20000000298023224,1.80204715434229e-05,0.0031981144566088915,1.0
5-digit addition | Full FT,415,1.2000000476837158,1.0,0.20000000298023224,3.5762786865234375e-07,2.8466942239901982e-05,1.0
5-digit addition | Full FT,416,1.2000000476837158,1.0,0.20000000298023224,1.6291936617562897e-06,0.00017140033014584333,1.0
5-digit addition | Full FT,417,1.2000000476837158,1.0,0.20000000298023224,1.092751858777774e-06,0.00013555576151702553,1.0
5-digit addition | Full FT,418,1.2000000476837158,1.0,0.20000000298023224,2.0435878411717567e-07,1.3067109648545738e-05,1.0
5-digit addition | Full FT,419,0.20000000298023224,0.0,0.20000000298023224,1.850095510482788,0.7675668001174927,1.0
5-digit addition | Full FT,420,1.2000000476837158,1.0,0.20000000298023224,3.4059798537100505e-08,3.1570780265610665e-06,1.0
5-digit addition | Full FT,421,1.0750000476837158,0.875,0.20000000298023224,2.2281534671783447,29.75048065185547,0.0
5-digit addition | Full FT,422,1.2000000476837158,1.0,0.20000000298023224,3.746577590391098e-07,3.6610421375371516e-05,1.0
5-digit addition | Full FT,423,1.0750000476837158,0.875,0.20000000298023224,4.995645880699158,350.4668273925781,0.0
5-digit addition | Full FT,424,1.2000000476837158,1.0,0.20000000298023224,7.322856276914536e-07,2.382792081334628e-05,1.0
5-digit addition | Full FT,425,1.2000000476837158,1.0,0.20000000298023224,0.2057742029428482,0.24832843244075775,1.0
5-digit addition | Full FT,426,1.2000000476837158,1.0,0.20000000298023224,3.97364289028701e-07,2.613528886286076e-05,1.0
5-digit addition | Full FT,427,1.2000000476837158,1.0,0.20000000298023224,4.5696893380409165e-07,4.135211565881036e-05,1.0
5-digit addition | Full FT,428,1.0750000476837158,0.875,0.20000000298023224,2.5750110149383545,59.830589294433594,0.0
5-digit addition | Full FT,429,0.32500001788139343,0.125,0.20000000298023224,1.2012668251991272,54.78358840942383,0.0
5-digit addition | Full FT,430,1.2000000476837158,1.0,0.20000000298023224,4.4277734900788346e-07,3.5717665014090016e-05,1.0
5-digit addition | Full FT,431,1.0750000476837158,0.875,0.20000000298023224,0.14425011724233627,25.77682876586914,0.0
5-digit addition | Full FT,432,0.7000000476837158,0.5,0.20000000298023224,0.623710036277771,52.94052505493164,0.0
5-digit addition | Full FT,433,1.2000000476837158,1.0,0.20000000298023224,2.662340875758673e-06,0.0003070983220823109,1.0
5-digit addition | Full FT,434,1.2000000476837158,1.0,0.20000000298023224,7.203646873676917e-06,0.0005931047489866614,1.0
5-digit addition | Full FT,435,0.20000000298023224,0.0,0.20000000298023224,0.11389189213514328,0.27367377281188965,1.0
5-digit addition | Full FT,436,1.2000000476837158,1.0,0.20000000298023224,9.934107225717526e-08,9.777373634278774e-06,1.0
5-digit addition | Full FT,437,1.2000000476837158,1.0,0.20000000298023224,5.364418029785156e-07,3.755225770873949e-05,1.0
5-digit addition | Full FT,438,1.2000000476837158,1.0,0.20000000298023224,5.108969389766571e-07,4.9283782573184e-05,1.0
5-digit addition | Full FT,439,1.2000000476837158,1.0,0.20000000298023224,4.967053612858763e-08,4.581202574627241e-06,1.0
5-digit addition | Full FT,440,0.45000001788139343,0.25,0.20000000298023224,1.3462896943092346,64.70108032226562,0.0
5-digit addition | Full FT,441,1.2000000476837158,1.0,0.20000000298023224,0.6572637557983398,0.0705346092581749,1.0
5-digit addition | Full FT,442,1.2000000476837158,1.0,0.20000000298023224,6.914138793945312e-05,0.02287738025188446,1.0
5-digit addition | Full FT,443,1.2000000476837158,1.0,0.20000000298023224,2.9007594548602356e-06,0.00024438684340566397,1.0
5-digit addition | Full FT,444,0.5750000476837158,0.375,0.20000000298023224,0.633101224899292,65.08928680419922,0.0
5-digit addition | Full FT,445,1.2000000476837158,1.0,0.20000000298023224,1.9311904907226562e-05,0.00010725713946158066,1.0
5-digit addition | Full FT,446,1.2000000476837158,1.0,0.20000000298023224,7.663454084649857e-07,9.886189218377694e-05,1.0
5-digit addition | Full FT,447,1.2000000476837158,1.0,0.20000000298023224,0.12914131581783295,0.44907695055007935,1.0
5-digit addition | Full FT,448,1.2000000476837158,1.0,0.20000000298023224,6.874402515677502e-06,0.0013769527431577444,1.0
5-digit addition | Full FT,449,0.20000000298023224,0.0,0.20000000298023224,1.412508487701416,4.116156578063965,1.0
5-digit addition | Full FT,450,1.2000000476837158,1.0,0.20000000298023224,0.06540922075510025,0.0012421270366758108,1.0
5-digit addition | Full FT,451,1.2000000476837158,1.0,0.20000000298023224,0.0002955538802780211,0.0043926783837378025,1.0
5-digit addition | Full FT,452,1.2000000476837158,1.0,0.20000000298023224,0.004000868182629347,0.0006894152029417455,1.0
5-digit addition | Full FT,453,1.2000000476837158,1.0,0.20000000298023224,1.5667507113903412e-06,0.00027595885330811143,1.0
5-digit addition | Full FT,454,1.2000000476837158,1.0,0.20000000298023224,0.0029935836791992188,0.6135157942771912,1.0
5-digit addition | Full FT,455,0.9500000476837158,0.75,0.20000000298023224,0.09014855115674436,25.850141525268555,0.0
5-digit addition | Full FT,456,0.32500001788139343,0.125,0.20000000298023224,0.08938910905271769,26.145767211914062,0.0
5-digit addition | Full FT,457,1.2000000476837158,1.0,0.20000000298023224,0.7914456129074097,0.010093273594975471,1.0
5-digit addition | Full FT,458,1.2000000476837158,1.0,0.20000000298023224,2.8212864435772644e-06,1.5199212612060364e-05,1.0
5-digit addition | Full FT,459,1.2000000476837158,1.0,0.20000000298023224,2.0435877559066284e-06,2.357982702960726e-05,1.0
5-digit addition | Full FT,460,1.2000000476837158,1.0,0.20000000298023224,9.735425692269928e-07,8.659341256134212e-05,1.0
5-digit addition | Full FT,461,1.0750000476837158,0.875,0.20000000298023224,0.12108362559229136,30.693538665771484,0.0
5-digit addition | Full FT,462,1.2000000476837158,1.0,0.20000000298023224,1.6689300537109375e-06,0.0001534447947051376,1.0
5-digit addition | Full FT,463,1.0500000715255737,0.875,0.17500001192092896,0.27027079463005066,199.13729858398438,0.0
5-digit addition | Full FT,464,1.2000000476837158,1.0,0.20000000298023224,1.3623919130623108e-06,0.00012601263006217778,1.0
5-digit addition | Full FT,465,1.2000000476837158,1.0,0.20000000298023224,0.229990616440773,0.09559613466262817,1.0
5-digit addition | Full FT,466,1.2000000476837158,1.0,0.20000000298023224,4.027570867037866e-06,5.346491525415331e-05,1.0
5-digit addition | Full FT,467,1.2000000476837158,1.0,0.20000000298023224,4.76837158203125e-07,3.646852928795852e-05,1.0
5-digit addition | Full FT,468,0.20000000298023224,0.0,0.20000000298023224,0.2729617804288864,0.7395381927490234,1.0
5-digit addition | Full FT,469,1.2000000476837158,1.0,0.20000000298023224,1.1069433867305634e-06,0.00011522464046720415,1.0
5-digit addition | Full FT,470,0.20000000298023224,0.0,0.20000000298023224,0.8188345432281494,2.1383707523345947,1.0
5-digit addition | Full FT,471,1.2000000476837158,1.0,0.20000000298023224,4.444803380465601e-06,0.00041380058974027634,1.0
5-digit addition | Full FT,472,0.9500000476837158,0.75,0.20000000298023224,1.0875800848007202,19.75123405456543,0.0
5-digit addition | Full FT,473,0.8250000476837158,0.625,0.20000000298023224,0.04922107723541558,49.77959442138672,0.0
5-digit addition | Full FT,474,1.2000000476837158,1.0,0.20000000298023224,4.376684046292212e-06,0.000491125974804163,1.0
5-digit addition | Full FT,475,1.2000000476837158,1.0,0.20000000298023224,1.589457156114804e-06,0.00018318042566534132,1.0
5-digit addition | Full FT,476,1.0750000476837158,0.875,0.20000000298023224,0.16070079378550872,21.654878616333008,0.0
5-digit addition | Full FT,477,1.2000000476837158,1.0,0.20000000298023224,1.7029898913278885e-07,1.6191050235647708e-05,1.0
5-digit addition | Full FT,478,0.20000000298023224,0.0,0.20000000298023224,0.4455350190401077,2.1155498027801514,1.0
5-digit addition | Full FT,479,1.2000000476837158,1.0,0.20000000298023224,0.00019066674576606601,0.01540432684123516,1.0
5-digit addition | Full FT,480,1.2000000476837158,1.0,0.20000000298023224,4.5980726781635894e-07,2.9750013709417544e-05,1.0
5-digit addition | Full FT,481,1.2000000476837158,1.0,0.20000000298023224,4.859765249420889e-05,0.014544373378157616,1.0
5-digit addition | Full FT,482,1.2000000476837158,1.0,0.20000000298023224,4.581610483000986e-05,0.005461811553686857,1.0
5-digit addition | Full FT,483,1.2000000476837158,1.0,0.20000000298023224,4.0871756823435135e-07,2.8894895876874216e-05,1.0
5-digit addition | Full FT,484,1.2000000476837158,1.0,0.20000000298023224,0.0006656050682067871,0.08483816683292389,1.0
5-digit addition | Full FT,485,0.0,0.0,0.0,0.9696073830127716,2.5587990283966064,1.0
5-digit addition | Full FT,486,0.45000001788139343,0.25,0.20000000298023224,0.2643243670463562,50.68013381958008,0.0
5-digit addition | Full FT,487,1.2000000476837158,1.0,0.20000000298023224,1.379421746605658e-06,0.00012404489098116755,1.0
5-digit addition | Full FT,488,1.2000000476837158,1.0,0.20000000298023224,0.0002874817291740328,0.00010603792907204479,1.0
5-digit addition | Full FT,489,0.15000000596046448,0.125,0.02500000037252903,0.9741943776607513,17.898109436035156,0.0
5-digit addition | Full FT,490,0.20000000298023224,0.0,0.20000000298023224,1.6723663210868835,5.64871883392334,1.0
5-digit addition | Full FT,491,1.2000000476837158,1.0,0.20000000298023224,1.0217939205858784e-07,1.068257824954344e-05,1.0
5-digit addition | Full FT,492,1.2000000476837158,1.0,0.20000000298023224,0.9261161088943481,0.24470384418964386,1.0
5-digit addition | Full FT,493,0.20000000298023224,0.0,0.20000000298023224,0.6680903136730194,1.7051385641098022,1.0
5-digit addition | Full FT,494,0.45000001788139343,0.25,0.20000000298023224,0.03499658778309822,42.80669403076172,0.0
5-digit addition | Full FT,495,0.20000000298023224,0.0,0.20000000298023224,3.737844228744507,3.5822203159332275,1.0
5-digit addition | Full FT,496,1.2000000476837158,1.0,0.20000000298023224,3.726141949300654e-05,0.006448936183005571,1.0
5-digit addition | Full FT,497,1.2000000476837158,1.0,0.20000000298023224,7.351239673880627e-06,0.0006793206557631493,1.0
5-digit addition | Full FT,498,0.20000000298023224,0.0,0.20000000298023224,0.03462916240096092,0.9006352424621582,1.0
5-digit addition | Full FT,499,1.2000000476837158,1.0,0.20000000298023224,6.565025978488848e-05,0.011554512195289135,1.0
5-digit addition | Full FT,500,1.2000000476837158,1.0,0.20000000298023224,1.130785221903352e-05,0.0025902073830366135,1.0
6-digit addition | Full FT,1,1.2000000476837158,1.0,0.20000000298023224,0.0,0.0,1.0
6-digit addition | Full FT,2,1.2000000476837158,1.0,0.20000000298023224,0.0,0.0,1.0
6-digit addition | Full FT,3,1.2000000476837158,1.0,0.20000000298023224,0.0,0.0,1.0
6-digit addition | Full FT,4,1.2000000476837158,1.0,0.20000000298023224,0.0,0.0,1.0
6-digit addition | Full FT,5,1.2000000476837158,1.0,0.20000000298023224,0.0,0.0,1.0
6-digit addition | Full FT,6,1.2000000476837158,1.0,0.20000000298023224,0.0,0.0,1.0
6-digit addition | Full FT,7,1.2000000476837158,1.0,0.20000000298023224,0.0,0.0,1.0
6-digit addition | Full FT,8,0.20000000298023224,0.0,0.20000000298023224,0.0,0.0,1.0
6-digit addition | Full FT,9,0.20000000298023224,0.0,0.20000000298023224,0.0,0.0,1.0
6-digit addition | Full FT,10,1.2000000476837158,1.0,0.20000000298023224,0.0,0.0,1.0
6-digit addition | Full FT,11,1.2000000476837158,1.0,0.20000000298023224,0.0,0.0,1.0
6-digit addition | Full FT,12,1.2000000476837158,1.0,0.20000000298023224,0.0,0.0,1.0
6-digit addition | Full FT,13,1.2000000476837158,1.0,0.20000000298023224,0.0,0.0,1.0
6-digit addition | Full FT,14,0.10000000149011612,0.0,0.10000000149011612,0.0,46.90522766113281,0.0
6-digit addition | Full FT,15,1.2000000476837158,1.0,0.20000000298023224,0.0,1.5097211871761829e-06,1.0
6-digit addition | Full FT,16,0.20000000298023224,0.0,0.20000000298023224,5.811452865600586e-07,0.003650899277999997,1.0
6-digit addition | Full FT,17,1.2000000476837158,1.0,0.20000000298023224,1.4901161193847656e-08,1.3324317478691228e-05,1.0
6-digit addition | Full FT,18,1.2000000476837158,1.0,0.20000000298023224,0.0,6.1816945162718184e-06,1.0
6-digit addition | Full FT,19,1.2000000476837158,1.0,0.20000000298023224,5.670956397807458e-06,0.008971640840172768,1.0
6-digit addition | Full FT,20,1.2000000476837158,1.0,0.20000000298023224,0.0,6.518153128354243e-08,1.0
6-digit addition | Full FT,21,1.2000000476837158,1.0,0.20000000298023224,0.0,1.3926186284152209e-06,1.0
6-digit addition | Full FT,22,0.20000000298023224,0.0,0.20000000298023224,0.0010064095258712769,1.888048768043518,1.0
6-digit addition | Full FT,23,0.20000000298023224,0.0,0.20000000298023224,0.09290967346169055,39.90362548828125,1.0
6-digit addition | Full FT,24,1.2000000476837158,1.0,0.20000000298023224,2.384185791015625e-06,0.005122522823512554,1.0
6-digit addition | Full FT,25,1.2000000476837158,1.0,0.20000000298023224,2.086162567138672e-07,4.407660071592545e-06,1.0
6-digit addition | Full FT,26,1.2000000476837158,1.0,0.20000000298023224,0.0,2.6046711809613043e-07,1.0
6-digit addition | Full FT,27,1.2000000476837158,1.0,0.20000000298023224,0.0,1.4320814045731822e-07,1.0
6-digit addition | Full FT,28,1.2000000476837158,1.0,0.20000000298023224,1.659989356994629e-05,0.017251359298825264,1.0
6-digit addition | Full FT,29,0.20000000298023224,0.0,0.20000000298023224,5.50001859664917e-05,0.0011884125415235758,1.0
6-digit addition | Full FT,30,0.20000000298023224,0.0,0.20000000298023224,0.08883430436253548,17.699241638183594,1.0
6-digit addition | Full FT,31,0.9500000476837158,0.75,0.20000000298023224,0.026067381724715233,120.5672607421875,0.0
6-digit addition | Full FT,32,1.2000000476837158,1.0,0.20000000298023224,-8.514949634275126e-09,1.152821482719446e-06,1.0
6-digit addition | Full FT,33,1.2000000476837158,1.0,0.20000000298023224,2.9802322387695312e-08,1.004004298010841e-05,1.0
6-digit addition | Full FT,34,0.8250000476837158,0.625,0.20000000298023224,0.08286334946751595,60.028160095214844,0.0
6-digit addition | Full FT,35,0.5750000476837158,0.375,0.20000000298023224,0.014010546263307333,75.43416595458984,0.0
6-digit addition | Full FT,36,1.2000000476837158,1.0,0.20000000298023224,0.01320447213947773,1.5565261840820312,1.0
6-digit addition | Full FT,37,1.2000000476837158,1.0,0.20000000298023224,1.6519001064807526e-06,0.0015316489152610302,1.0
6-digit addition | Full FT,38,1.2000000476837158,1.0,0.20000000298023224,9.685754776000977e-07,0.001574361347593367,1.0
6-digit addition | Full FT,39,0.20000000298023224,0.0,0.20000000298023224,1.087694764137268,2.5391311645507812,1.0
6-digit addition | Full FT,40,1.2000000476837158,1.0,0.20000000298023224,1.6421079635620117e-05,0.0034902149345725775,1.0
6-digit addition | Full FT,41,1.2000000476837158,1.0,0.20000000298023224,0.004109978675842285,0.033780988305807114,1.0
6-digit addition | Full FT,42,0.20000000298023224,0.0,0.20000000298023224,0.03282433748245239,0.0940304547548294,1.0
6-digit addition | Full FT,43,0.45000001788139343,0.25,0.20000000298023224,0.13789833337068558,57.072879791259766,0.0
6-digit addition | Full FT,44,0.32500001788139343,0.125,0.20000000298023224,2.1691858768463135,293.3167419433594,0.0
6-digit addition | Full FT,45,0.20000000298023224,0.0,0.20000000298023224,1.6825326681137085,22.077404022216797,1.0
6-digit addition | Full FT,46,1.0750000476837158,0.875,0.20000000298023224,0.3756841570138931,6.945627689361572,0.0
6-digit addition | Full FT,47,1.2000000476837158,1.0,0.20000000298023224,2.7741703888750635e-05,0.01753285713493824,1.0
6-digit addition | Full FT,48,0.7000000476837158,0.5,0.20000000298023224,2.170320510864258,72.2518310546875,0.0
6-digit addition | Full FT,49,0.20000000298023224,0.0,0.20000000298023224,2.242392897605896,39.970550537109375,1.0
6-digit addition | Full FT,50,1.2000000476837158,1.0,0.20000000298023224,1.655505657196045,3.800621509552002,1.0
6-digit addition | Full FT,51,0.20000000298023224,0.0,0.20000000298023224,1.0691685676574707,4.913416385650635,1.0
6-digit addition | Full FT,52,0.42500001192092896,0.25,0.17500001192092896,0.8857996165752411,64.3120346069336,0.0
6-digit addition | Full FT,53,1.2000000476837158,1.0,0.20000000298023224,0.0033800601959228516,2.200249433517456,1.0
6-digit addition | Full FT,54,1.2000000476837158,1.0,0.20000000298023224,1.3902783393859863e-05,0.001436774036847055,1.0
6-digit addition | Full FT,55,0.20000000298023224,0.0,0.20000000298023224,0.6030585169792175,0.35486674308776855,1.0
6-digit addition | Full FT,56,0.7000000476837158,0.5,0.20000000298023224,0.33021632581949234,66.70612335205078,0.0
6-digit addition | Full FT,57,1.2000000476837158,1.0,0.20000000298023224,0.006445467472076416,0.22030013799667358,1.0
6-digit addition | Full FT,58,0.8250000476837158,0.625,0.20000000298023224,0.4594666510820389,33.59239196777344,0.0
6-digit addition | Full FT,59,0.20000000298023224,0.0,0.20000000298023224,1.6740835905075073,1.0274893045425415,1.0
6-digit addition | Full FT,60,0.20000000298023224,0.0,0.20000000298023224,1.5656782984733582,49.07634353637695,1.0
6-digit addition | Full FT,61,0.20000000298023224,0.0,0.20000000298023224,1.1981124877929688,8.272665977478027,1.0
6-digit addition | Full FT,62,0.32500001788139343,0.125,0.20000000298023224,1.9615821838378906,137.84524536132812,0.0
6-digit addition | Full FT,63,0.45000001788139343,0.25,0.20000000298023224,1.0992262959480286,60.07014465332031,0.0
6-digit addition | Full FT,64,0.20000000298023224,0.0,0.20000000298023224,3.745511054992676,300.7723388671875,1.0
6-digit addition | Full FT,65,0.20000000298023224,0.0,0.20000000298023224,2.4943864345550537,3.174039125442505,1.0
6-digit addition | Full FT,66,1.0750000476837158,0.875,0.20000000298023224,0.18886901653604582,36.1705436706543,0.0
6-digit addition | Full FT,67,1.2000000476837158,1.0,0.20000000298023224,0.0011697709560394287,0.3131174147129059,1.0
6-digit addition | Full FT,68,0.20000000298023224,0.0,0.20000000298023224,1.8026630878448486,2.4835469722747803,1.0
6-digit addition | Full FT,69,0.32500001788139343,0.125,0.20000000298023224,1.4156968593597412,238.9408721923828,0.0
6-digit addition | Full FT,70,0.20000000298023224,0.0,0.20000000298023224,1.9464187622070312,3.9935498237609863,1.0
6-digit addition | Full FT,71,0.32500001788139343,0.125,0.20000000298023224,2.179198145866394,90.9209213256836,0.0
6-digit addition | Full FT,72,1.2000000476837158,1.0,0.20000000298023224,0.0008497749222442508,0.09097568690776825,1.0
6-digit addition | Full FT,73,0.8999999761581421,0.875,0.02500000037252903,0.6615023910999298,15.987308502197266,0.0
6-digit addition | Full FT,74,0.32500001788139343,0.125,0.20000000298023224,0.3003338724374771,30.315526962280273,0.0
6-digit addition | Full FT,75,1.0750000476837158,0.875,0.20000000298023224,0.08949563652276993,24.305580139160156,0.0
6-digit addition | Full FT,76,1.2000000476837158,1.0,0.20000000298023224,6.74128532409668e-05,0.010416030883789062,1.0
6-digit addition | Full FT,77,0.20000000298023224,0.0,0.20000000298023224,2.824247717857361,10.329565048217773,1.0
6-digit addition | Full FT,78,0.20000000298023224,0.0,0.20000000298023224,2.6412490606307983,8.284784317016602,1.0
6-digit addition | Full FT,79,0.7000000476837158,0.5,0.20000000298023224,0.6499556303024292,59.81517028808594,0.0
6-digit addition | Full FT,80,1.2000000476837158,1.0,0.20000000298023224,0.0003424733877182007,0.04521528258919716,1.0
6-digit addition | Full FT,81,0.20000000298023224,0.0,0.20000000298023224,1.4237085580825806,6.8346076011657715,1.0
6-digit addition | Full FT,82,0.20000000298023224,0.0,0.20000000298023224,1.3261364698410034,2.3306756019592285,1.0
6-digit addition | Full FT,83,1.2000000476837158,1.0,0.20000000298023224,0.00012181486090412363,0.03996064141392708,1.0
6-digit addition | Full FT,84,0.20000000298023224,0.0,0.20000000298023224,0.13309229165315628,1.639014482498169,1.0
6-digit addition | Full FT,85,0.32500001788139343,0.125,0.20000000298023224,1.2488645315170288,92.69418334960938,0.0
6-digit addition | Full FT,86,1.2000000476837158,1.0,0.20000000298023224,0.0005161081207916141,0.5090435147285461,1.0
6-digit addition | Full FT,87,1.0750000476837158,0.875,0.20000000298023224,0.06505206972360611,19.106420516967773,0.0
6-digit addition | Full FT,88,0.20000000298023224,0.0,0.20000000298023224,0.9536606073379517,0.7622642517089844,1.0
6-digit addition | Full FT,89,0.625,0.5,0.125,1.6740931272506714,36.21455001831055,0.0
6-digit addition | Full FT,90,0.20000000298023224,0.0,0.20000000298023224,1.49739408493042,6.047290802001953,1.0
6-digit addition | Full FT,91,0.20000000298023224,0.0,0.20000000298023224,0.005538091063499451,0.0018077176064252853,1.0
6-digit addition | Full FT,92,0.20000000298023224,0.0,0.20000000298023224,3.055865526199341,19.137638092041016,1.0
6-digit addition | Full FT,93,1.2000000476837158,1.0,0.20000000298023224,6.556510925292969e-07,0.000199397312826477,1.0
6-digit addition | Full FT,94,1.2000000476837158,1.0,0.20000000298023224,4.0084123611450195e-06,0.00011716898006852716,1.0
6-digit addition | Full FT,95,1.2000000476837158,1.0,0.20000000298023224,5.108969602929392e-08,2.6799068564287154e-06,1.0
6-digit addition | Full FT,96,0.20000000298023224,0.0,0.20000000298023224,3.1380207538604736,1.1286985874176025,1.0
6-digit addition | Full FT,97,1.2000000476837158,1.0,0.20000000298023224,0.0010002106428146362,0.30246618390083313,1.0
6-digit addition | Full FT,98,0.20000000298023224,0.0,0.20000000298023224,1.7452924251556396,8.225139617919922,1.0
6-digit addition | Full FT,99,0.20000000298023224,0.0,0.20000000298023224,0.9263162016868591,2.9292798042297363,1.0
6-digit addition | Full FT,100,0.20000000298023224,0.0,0.20000000298023224,1.0172185003757477,13.019941329956055,1.0
6-digit addition | Full FT,101,0.20000000298023224,0.0,0.20000000298023224,2.3874621391296387,4.069431304931641,1.0
6-digit addition | Full FT,102,0.45000001788139343,0.25,0.20000000298023224,0.5905978977680206,49.3579216003418,0.0
6-digit addition | Full FT,103,0.20000000298023224,0.0,0.20000000298023224,3.9007163047790527,9.670758247375488,1.0
6-digit addition | Full FT,104,0.10000000149011612,0.0,0.10000000149011612,3.7330987453460693,3.7120752334594727,1.0
6-digit addition | Full FT,105,0.17500001192092896,0.0,0.17500001192092896,2.8025052547454834,11.327949523925781,0.0
6-digit addition | Full FT,106,0.10000000149011612,0.0,0.10000000149011612,3.0020456314086914,27.289823532104492,0.0
6-digit addition | Full FT,107,0.10000000149011612,0.0,0.10000000149011612,5.753687381744385,33.199249267578125,1.0
6-digit addition | Full FT,108,0.20000000298023224,0.0,0.20000000298023224,3.432175874710083,11.477514266967773,1.0
6-digit addition | Full FT,109,0.20000000298023224,0.0,0.20000000298023224,3.3341070413589478,1.1185485124588013,1.0
6-digit addition | Full FT,110,0.17500001192092896,0.0,0.17500001192092896,0.9657193124294281,34.70755386352539,0.0
6-digit addition | Full FT,111,0.10000000149011612,0.0,0.10000000149011612,5.504373550415039,2.3999409675598145,1.0
6-digit addition | Full FT,112,0.20000000298023224,0.0,0.20000000298023224,2.6193315982818604,6.838473796844482,1.0
6-digit addition | Full FT,113,0.20000000298023224,0.0,0.20000000298023224,3.5578147172927856,4.999030590057373,1.0
6-digit addition | Full FT,114,0.20000000298023224,0.0,0.20000000298023224,4.313209891319275,55.82155990600586,1.0
6-digit addition | Full FT,115,0.10000000149011612,0.0,0.10000000149011612,5.364677906036377,0.03128623962402344,1.0
6-digit addition | Full FT,116,0.10000000149011612,0.0,0.10000000149011612,5.016652584075928,0.9687238931655884,1.0
6-digit addition | Full FT,117,0.10000000149011612,0.0,0.10000000149011612,5.030912399291992,13.07194709777832,1.0
6-digit addition | Full FT,118,1.2000000476837158,1.0,0.20000000298023224,0.0011316026793792844,0.16869206726551056,1.0
6-digit addition | Full FT,119,0.6750000715255737,0.5,0.17500001192092896,1.2213093638420105,75.1521224975586,0.0
6-digit addition | Full FT,120,0.7000000476837158,0.5,0.20000000298023224,0.8116304576396942,60.19546890258789,0.0
6-digit addition | Full FT,121,0.20000000298023224,0.0,0.20000000298023224,1.5048198699951172,9.898226737976074,1.0
6-digit addition | Full FT,122,1.2000000476837158,1.0,0.20000000298023224,1.9818544387817383e-06,0.00018059025751426816,1.0
6-digit addition | Full FT,123,0.20000000298023224,0.0,0.20000000298023224,4.287785530090332,3.0208122730255127,1.0
6-digit addition | Full FT,124,0.20000000298023224,0.0,0.20000000298023224,1.5704805254936218,6.085892677307129,1.0
6-digit addition | Full FT,125,1.0750000476837158,0.875,0.20000000298023224,0.5427426695823669,14.149032592773438,0.0
6-digit addition | Full FT,126,0.20000000298023224,0.0,0.20000000298023224,3.5680391788482666,9.745196342468262,1.0
6-digit addition | Full FT,127,0.9500000476837158,0.75,0.20000000298023224,0.4700649930164218,37.719783782958984,0.0
6-digit addition | Full FT,128,0.20000000298023224,0.0,0.20000000298023224,0.8112183809280396,9.786778450012207,1.0
6-digit addition | Full FT,129,1.2000000476837158,1.0,0.20000000298023224,0.0015332528855651617,0.2937568426132202,1.0
6-digit addition | Full FT,130,0.45000001788139343,0.25,0.20000000298023224,1.5803437232971191,305.6622314453125,0.0
6-digit addition | Full FT,131,0.20000000298023224,0.0,0.20000000298023224,1.7328376770019531,2.120898962020874,1.0
6-digit addition | Full FT,132,1.2000000476837158,1.0,0.20000000298023224,0.003653913736343384,0.0020495972130447626,1.0
6-digit addition | Full FT,133,0.20000000298023224,0.0,0.20000000298023224,3.144296407699585,81.46583557128906,1.0
6-digit addition | Full FT,134,1.2000000476837158,1.0,0.20000000298023224,9.626150131225586e-06,0.0011752728605642915,1.0
6-digit addition | Full FT,135,0.20000000298023224,0.0,0.20000000298023224,2.3882137537002563,7.109574794769287,1.0
6-digit addition | Full FT,136,0.9500000476837158,0.75,0.20000000298023224,0.3620375990867615,57.552330017089844,0.0
6-digit addition | Full FT,137,0.20000000298023224,0.0,0.20000000298023224,2.3750054836273193,12.976431846618652,1.0
6-digit addition | Full FT,138,0.20000000298023224,0.0,0.20000000298023224,0.8106386065483093,0.28316420316696167,1.0
6-digit addition | Full FT,139,1.2000000476837158,1.0,0.20000000298023224,0.0007092612213455141,0.12335676699876785,1.0
6-digit addition | Full FT,140,0.20000000298023224,0.0,0.20000000298023224,3.3559577465057373,64.57722473144531,1.0
6-digit addition | Full FT,141,1.0500000715255737,0.875,0.17500001192092896,1.3334036469459534,29.84433364868164,0.0
6-digit addition | Full FT,142,0.20000000298023224,0.0,0.20000000298023224,4.282577991485596,3.5554263591766357,1.0
6-digit addition | Full FT,143,0.32500001788139343,0.125,0.20000000298023224,0.7660260200500488,22.673986434936523,0.0
6-digit addition | Full FT,144,1.0750000476837158,0.875,0.20000000298023224,0.1233433410525322,15.977691650390625,0.0
6-digit addition | Full FT,145,0.20000000298023224,0.0,0.20000000298023224,0.9818533658981323,12.999197006225586,1.0
6-digit addition | Full FT,146,0.1875,0.0,0.1875,2.939105749130249,37.84613800048828,0.0
6-digit addition | Full FT,147,0.20000000298023224,0.0,0.20000000298023224,1.9868507981300354,33.7008056640625,1.0
6-digit addition | Full FT,148,0.32500001788139343,0.125,0.20000000298023224,1.6656800508499146,52.695220947265625,0.0
6-digit addition | Full FT,149,0.20000000298023224,0.0,0.20000000298023224,2.9573633670806885,62.960853576660156,1.0
6-digit addition | Full FT,150,1.2000000476837158,1.0,0.20000000298023224,6.93116890033707e-05,0.007479700725525618,1.0
6-digit addition | Full FT,151,0.5750000476837158,0.375,0.20000000298023224,2.2430173754692078,74.85916137695312,0.0
6-digit addition | Full FT,152,0.20000000298023224,0.0,0.20000000298023224,1.60773503780365,0.3665843904018402,1.0
6-digit addition | Full FT,153,1.2000000476837158,1.0,0.20000000298023224,4.10228967666626e-05,0.0065658618696033955,1.0
6-digit addition | Full FT,154,0.20000000298023224,0.0,0.20000000298023224,1.7148460745811462,2.1361875534057617,1.0
6-digit addition | Full FT,155,1.2000000476837158,1.0,0.20000000298023224,0.0009478628635406494,0.6664780378341675,1.0
6-digit addition | Full FT,156,0.20000000298023224,0.0,0.20000000298023224,1.624760627746582,0.08467626571655273,1.0
6-digit addition | Full FT,157,0.20000000298023224,0.0,0.20000000298023224,2.2169907093048096,6.535639762878418,1.0
6-digit addition | Full FT,158,0.20000000298023224,0.0,0.20000000298023224,1.2267028093338013,3.6084647178649902,1.0
6-digit addition | Full FT,159,0.5750000476837158,0.375,0.20000000298023224,0.3308531492948532,53.200618743896484,0.0
6-digit addition | Full FT,160,0.20000000298023224,0.0,0.20000000298023224,5.31947660446167,3.4157328605651855,1.0
6-digit addition | Full FT,161,0.30000001192092896,0.125,0.17500001192092896,1.4316219091415405,41.42490768432617,0.0
6-digit addition | Full FT,162,0.20000000298023224,0.0,0.20000000298023224,0.9555686712265015,0.43371954560279846,1.0
6-digit addition | Full FT,163,0.20000000298023224,0.0,0.20000000298023224,1.7944381833076477,7.937613010406494,1.0
6-digit addition | Full FT,164,0.20000000298023224,0.0,0.20000000298023224,0.6100595593452454,9.275483131408691,1.0
6-digit addition | Full FT,165,0.20000000298023224,0.0,0.20000000298023224,1.335535705089569,3.743487596511841,1.0
6-digit addition | Full FT,166,0.30000001192092896,0.125,0.17500001192092896,1.873124897480011,103.77162170410156,0.0
6-digit addition | Full FT,167,0.550000011920929,0.375,0.17500001192092896,1.7933402061462402,22.578872680664062,0.0
6-digit addition | Full FT,168,1.0750000476837158,0.875,0.20000000298023224,0.27593865245580673,67.85041809082031,0.0
6-digit addition | Full FT,169,0.20000000298023224,0.0,0.20000000298023224,2.101730167865753,10.043082237243652,1.0
6-digit addition | Full FT,170,1.2000000476837158,1.0,0.20000000298023224,0.0008388417190872133,0.0663420632481575,1.0
6-digit addition | Full FT,171,1.2000000476837158,1.0,0.20000000298023224,0.0020092043559998274,0.26741454005241394,1.0
6-digit addition | Full FT,172,0.9500000476837158,0.75,0.20000000298023224,0.35525814443826675,48.33627700805664,0.0
6-digit addition | Full FT,173,1.2000000476837158,1.0,0.20000000298023224,0.00010071481665363535,0.010052482597529888,1.0
6-digit addition | Full FT,174,1.2000000476837158,1.0,0.20000000298023224,9.552069968776777e-05,0.025162650272250175,1.0
6-digit addition | Full FT,175,1.2000000476837158,1.0,0.20000000298023224,0.006019383668899536,5.388193607330322,1.0
6-digit addition | Full FT,176,1.2000000476837158,1.0,0.20000000298023224,0.00019926684035453945,0.028629764914512634,1.0
6-digit addition | Full FT,177,0.20000000298023224,0.0,0.20000000298023224,3.8124228715896606,2.103436231613159,1.0
6-digit addition | Full FT,178,1.2000000476837158,1.0,0.20000000298023224,0.00012503351899795234,0.016176199540495872,1.0
6-digit addition | Full FT,179,0.20000000298023224,0.0,0.20000000298023224,1.9469506740570068,11.555133819580078,1.0
6-digit addition | Full FT,180,1.2000000476837158,1.0,0.20000000298023224,0.0001599639654159546,0.021659286692738533,1.0
6-digit addition | Full FT,181,0.7000000476837158,0.5,0.20000000298023224,0.45865052938461304,40.2910041809082,0.0
6-digit addition | Full FT,182,1.0750000476837158,0.875,0.20000000298023224,0.25525835156440735,36.88264465332031,0.0
6-digit addition | Full FT,183,0.8250000476837158,0.625,0.20000000298023224,0.3559350222349167,185.19728088378906,0.0
6-digit addition | Full FT,184,1.2000000476837158,1.0,0.20000000298023224,0.002376958727836609,0.36564376950263977,1.0
6-digit addition | Full FT,185,1.0750000476837158,0.875,0.20000000298023224,0.03619066998362541,26.206647872924805,0.0
6-digit addition | Full FT,186,0.20000000298023224,0.0,0.20000000298023224,2.429646134376526,1.940463662147522,1.0
6-digit addition | Full FT,187,0.9500000476837158,0.75,0.20000000298023224,0.14343814551830292,30.24811553955078,0.0
6-digit addition | Full FT,188,0.20000000298023224,0.0,0.20000000298023224,3.854456067085266,6.146793365478516,1.0
6-digit addition | Full FT,189,1.2000000476837158,1.0,0.20000000298023224,2.6732683181762695e-05,0.0022933068685233593,1.0
6-digit addition | Full FT,190,0.8250000476837158,0.625,0.20000000298023224,0.0028965877136215568,21.01445770263672,0.0
6-digit addition | Full FT,191,1.2000000476837158,1.0,0.20000000298023224,2.142361154255923e-05,0.0015045034233480692,1.0
6-digit addition | Full FT,192,1.2000000476837158,1.0,0.20000000298023224,0.00024303793907165527,0.039156004786491394,1.0
6-digit addition | Full FT,193,1.2000000476837158,1.0,0.20000000298023224,0.15350750088691711,0.32303938269615173,1.0
6-digit addition | Full FT,194,0.9500000476837158,0.75,0.20000000298023224,0.17305593937635422,22.27434539794922,0.0
6-digit addition | Full FT,195,0.20000000298023224,0.0,0.20000000298023224,4.914502143859863,2.2110519409179688,1.0
6-digit addition | Full FT,196,0.20000000298023224,0.0,0.20000000298023224,1.1813359260559082,2.6578991413116455,1.0
6-digit addition | Full FT,197,1.2000000476837158,1.0,0.20000000298023224,0.03784264624118805,0.08616343885660172,1.0
6-digit addition | Full FT,198,1.2000000476837158,1.0,0.20000000298023224,0.04513555020093918,0.3947552442550659,1.0
6-digit addition | Full FT,199,1.0750000476837158,0.875,0.20000000298023224,0.08792383223772049,38.04258728027344,0.0
6-digit addition | Full FT,200,0.20000000298023224,0.0,0.20000000298023224,0.6461538374423981,5.023440361022949,1.0
6-digit addition | Full FT,201,1.2000000476837158,1.0,0.20000000298023224,0.0026508569717407227,2.690096378326416,1.0
6-digit addition | Full FT,202,1.0750000476837158,0.875,0.20000000298023224,0.34067072719335556,34.354984283447266,0.0
6-digit addition | Full FT,203,0.45000001788139343,0.25,0.20000000298023224,0.33657124638557434,28.365772247314453,0.0
6-digit addition | Full FT,204,1.0750000476837158,0.875,0.20000000298023224,0.5521265268325806,13.348575592041016,0.0
6-digit addition | Full FT,205,1.0750000476837158,0.875,0.20000000298023224,0.17046809196472168,23.4231014251709,0.0
6-digit addition | Full FT,206,1.2000000476837158,1.0,0.20000000298023224,6.535649299621582e-05,0.010921899229288101,1.0
6-digit addition | Full FT,207,1.2000000476837158,1.0,0.20000000298023224,4.276633262634277e-06,0.0006158433388918638,1.0
6-digit addition | Full FT,208,0.32500001788139343,0.125,0.20000000298023224,1.2462350726127625,59.38852310180664,0.0
6-digit addition | Full FT,209,1.2000000476837158,1.0,0.20000000298023224,1.6391277313232422e-06,0.00015070062363520265,1.0
6-digit addition | Full FT,210,1.2000000476837158,1.0,0.20000000298023224,0.0008936226367950439,0.17131447792053223,1.0
6-digit addition | Full FT,211,1.2000000476837158,1.0,0.20000000298023224,3.4421682357788086e-06,0.0006034349207766354,1.0
6-digit addition | Full FT,212,1.2000000476837158,1.0,0.20000000298023224,0.019429847598075867,0.01924591138958931,1.0
6-digit addition | Full FT,213,1.2000000476837158,1.0,0.20000000298023224,0.0008531808853149414,0.19881708920001984,1.0
6-digit addition | Full FT,214,0.20000000298023224,0.0,0.20000000298023224,0.0710725486278534,0.1492094099521637,1.0
6-digit addition | Full FT,215,1.0750000476837158,0.875,0.20000000298023224,0.12634273618459702,87.61483001708984,0.0
6-digit addition | Full FT,216,1.2000000476837158,1.0,0.20000000298023224,1.1742115020751953e-05,0.0002684163046069443,1.0
6-digit addition | Full FT,217,1.2000000476837158,1.0,0.20000000298023224,1.1920928955078125e-07,1.1181811714777723e-05,1.0
6-digit addition | Full FT,218,1.2000000476837158,1.0,0.20000000298023224,2.682209014892578e-07,5.191484888200648e-06,1.0
6-digit addition | Full FT,219,0.20000000298023224,0.0,0.20000000298023224,2.1429965496063232,0.1507706493139267,1.0
6-digit addition | Full FT,220,1.2000000476837158,1.0,0.20000000298023224,3.2782554626464844e-07,3.9301197830354795e-05,1.0
6-digit addition | Full FT,221,1.2000000476837158,1.0,0.20000000298023224,7.405877113342285e-06,0.0015368026215583086,1.0
6-digit addition | Full FT,222,0.9500000476837158,0.75,0.20000000298023224,0.16320806741714478,51.345115661621094,0.0
6-digit addition | Full FT,223,0.20000000298023224,0.0,0.20000000298023224,0.13244763016700745,2.3265631198883057,1.0
6-digit addition | Full FT,224,1.2000000476837158,1.0,0.20000000298023224,0.0002361685037612915,0.04174778610467911,1.0
6-digit addition | Full FT,225,1.2000000476837158,1.0,0.20000000298023224,0.11049844324588776,0.01736094430088997,1.0
6-digit addition | Full FT,226,1.0750000476837158,0.875,0.20000000298023224,0.0568607859313488,17.523317337036133,0.0
6-digit addition | Full FT,227,1.2000000476837158,1.0,0.20000000298023224,5.364418029785156e-07,4.58718350273557e-05,1.0
6-digit addition | Full FT,228,1.2000000476837158,1.0,0.20000000298023224,1.7285346984863281e-06,4.355852070148103e-05,1.0
6-digit addition | Full FT,229,1.2000000476837158,1.0,0.20000000298023224,0.24011589586734772,3.1864519119262695,1.0
6-digit addition | Full FT,230,1.2000000476837158,1.0,0.20000000298023224,0.291422963142395,0.043963756412267685,1.0
6-digit addition | Full FT,231,0.20000000298023224,0.0,0.20000000298023224,0.004228659905493259,0.46974778175354004,1.0
6-digit addition | Full FT,232,1.2000000476837158,1.0,0.20000000298023224,0.12155593931674957,0.0009733600309118629,1.0
6-digit addition | Full FT,233,1.2000000476837158,1.0,0.20000000298023224,0.018975717946887016,1.1679309606552124,1.0
6-digit addition | Full FT,234,1.2000000476837158,1.0,0.20000000298023224,3.405979782655777e-07,3.401720823603682e-05,1.0
6-digit addition | Full FT,235,0.20000000298023224,0.0,0.20000000298023224,0.5193451642990112,0.4452861547470093,1.0
6-digit addition | Full FT,236,1.2000000476837158,1.0,0.20000000298023224,1.9252300262451172e-05,0.004809957928955555,1.0
6-digit addition | Full FT,237,1.0750000476837158,0.875,0.20000000298023224,0.032818377017974854,23.076007843017578,0.0
6-digit addition | Full FT,238,1.2000000476837158,1.0,0.20000000298023224,8.344650268554688e-07,4.3291369365761057e-05,1.0
6-digit addition | Full FT,239,1.2000000476837158,1.0,0.20000000298023224,4.172325134277344e-07,3.3900043490575626e-05,1.0
6-digit addition | Full FT,240,0.20000000298023224,0.0,0.20000000298023224,0.822451651096344,13.598770141601562,1.0
6-digit addition | Full FT,241,1.2000000476837158,1.0,0.20000000298023224,5.733966827392578e-05,0.001246648607775569,1.0
6-digit addition | Full FT,242,1.2000000476837158,1.0,0.20000000298023224,9.056500130100176e-05,0.021312899887561798,1.0
6-digit addition | Full FT,243,0.20000000298023224,0.0,0.20000000298023224,0.15030415542423725,13.69833755493164,1.0
6-digit addition | Full FT,244,0.7000000476837158,0.5,0.20000000298023224,0.7373019456863403,99.61430358886719,0.0
6-digit addition | Full FT,245,0.20000000298023224,0.0,0.20000000298023224,1.5482672452926636,0.024479689076542854,1.0
6-digit addition | Full FT,246,0.8250000476837158,0.625,0.20000000298023224,0.34591516107320786,30.873258590698242,0.0
6-digit addition | Full FT,247,0.20000000298023224,0.0,0.20000000298023224,0.06283995509147644,2.0792391300201416,1.0
6-digit addition | Full FT,248,1.2000000476837158,1.0,0.20000000298023224,9.707042408990674e-06,0.0014885917771607637,1.0
6-digit addition | Full FT,249,1.2000000476837158,1.0,0.20000000298023224,8.174351023626514e-06,2.5848385121207684e-05,1.0
6-digit addition | Full FT,250,1.2000000476837158,1.0,0.20000000298023224,1.1052404261135962e-05,0.0013281222200021148,1.0
6-digit addition | Full FT,251,1.2000000476837158,1.0,0.20000000298023224,4.267692565917969e-05,0.006725069601088762,1.0
6-digit addition | Full FT,252,0.20000000298023224,0.0,0.20000000298023224,1.5146650075912476,0.6267966032028198,1.0
6-digit addition | Full FT,253,0.20000000298023224,0.0,0.20000000298023224,0.0011630803346633911,0.031102100387215614,1.0
6-digit addition | Full FT,254,1.2000000476837158,1.0,0.20000000298023224,8.985400199890137e-06,0.0010349445510655642,1.0
6-digit addition | Full FT,255,1.2000000476837158,1.0,0.20000000298023224,2.8461217880249023e-06,0.0003508795634843409,1.0
6-digit addition | Full FT,256,1.2000000476837158,1.0,0.20000000298023224,6.0643469623755664e-05,0.00021226560056675225,1.0
6-digit addition | Full FT,257,0.20000000298023224,0.0,0.20000000298023224,3.413191080093384,0.1607360988855362,1.0
6-digit addition | Full FT,258,0.20000000298023224,0.0,0.20000000298023224,1.0061616599559784,1.5246027708053589,1.0
6-digit addition | Full FT,259,0.20000000298023224,0.0,0.20000000298023224,1.4616724252700806,10.715415000915527,1.0
6-digit addition | Full FT,260,0.7000000476837158,0.5,0.20000000298023224,0.8929701000452042,41.111019134521484,0.0
6-digit addition | Full FT,261,1.2000000476837158,1.0,0.20000000298023224,5.799531936645508e-05,0.011637269519269466,1.0
6-digit addition | Full FT,262,1.2000000476837158,1.0,0.20000000298023224,0.0014924108982086182,0.26333311200141907,1.0
6-digit addition | Full FT,263,0.20000000298023224,0.0,0.20000000298023224,4.709076881408691,5.0397257804870605,1.0
6-digit addition | Full FT,264,0.20000000298023224,0.0,0.20000000298023224,3.539050579071045,3.1025784015655518,1.0
6-digit addition | Full FT,265,1.2000000476837158,1.0,0.20000000298023224,8.255243301391602e-06,0.0012896397383883595,1.0
6-digit addition | Full FT,266,1.0750000476837158,0.875,0.20000000298023224,0.15481388568878174,27.611129760742188,0.0
6-digit addition | Full FT,267,1.2000000476837158,1.0,0.20000000298023224,0.00029536656802520156,0.1439691036939621,1.0
6-digit addition | Full FT,268,0.20000000298023224,0.0,0.20000000298023224,0.3002278208732605,4.2942070960998535,1.0
6-digit addition | Full FT,269,0.32500001788139343,0.125,0.20000000298023224,1.501322090625763,73.3368148803711,0.0
6-digit addition | Full FT,270,1.2000000476837158,1.0,0.20000000298023224,0.27610355615615845,0.010628366842865944,1.0
6-digit addition | Full FT,271,0.20000000298023224,0.0,0.20000000298023224,1.3782125115394592,0.9759367108345032,1.0
6-digit addition | Full FT,272,1.2000000476837158,1.0,0.20000000298023224,6.113733434176538e-06,0.001197101199068129,1.0
6-digit addition | Full FT,273,1.2000000476837158,1.0,0.20000000298023224,0.0001465529203414917,0.006881394889205694,1.0
6-digit addition | Full FT,274,0.20000000298023224,0.0,0.20000000298023224,0.4080481231212616,0.331802636384964,1.0
6-digit addition | Full FT,275,1.2000000476837158,1.0,0.20000000298023224,0.2618950605392456,0.013296074233949184,1.0
6-digit addition | Full FT,276,1.2000000476837158,1.0,0.20000000298023224,7.425035619235132e-06,0.0021541740279644728,1.0
6-digit addition | Full FT,277,1.2000000476837158,1.0,0.20000000298023224,1.7029898913278885e-07,2.299937477800995e-05,1.0
6-digit addition | Full FT,278,1.0750000476837158,0.875,0.20000000298023224,0.011448400095105171,27.750511169433594,0.0
6-digit addition | Full FT,279,0.20000000298023224,0.0,0.20000000298023224,0.19964736700057983,0.05125078931450844,1.0
6-digit addition | Full FT,280,1.2000000476837158,1.0,0.20000000298023224,1.043081283569336e-07,8.792267180979252e-06,1.0
6-digit addition | Full FT,281,1.0750000476837158,0.875,0.20000000298023224,0.1317664161324501,31.139781951904297,0.0
6-digit addition | Full FT,282,0.9500000476837158,0.75,0.20000000298023224,0.16928454115986824,35.69386672973633,0.0
6-digit addition | Full FT,283,1.2000000476837158,1.0,0.20000000298023224,7.495284080505371e-06,0.0013246096204966307,1.0
6-digit addition | Full FT,284,1.2000000476837158,1.0,0.20000000298023224,2.6553869247436523e-05,0.007240078411996365,1.0
6-digit addition | Full FT,285,1.2000000476837158,1.0,0.20000000298023224,2.8312206268310547e-07,3.7226343465590617e-06,1.0
6-digit addition | Full FT,286,1.2000000476837158,1.0,0.20000000298023224,2.130866050720215e-06,0.0011006565764546394,1.0
6-digit addition | Full FT,287,1.0750000476837158,0.875,0.20000000298023224,0.1587958261370659,13.305508613586426,0.0
6-digit addition | Full FT,288,1.2000000476837158,1.0,0.20000000298023224,1.0505318641662598e-05,0.00033842786797322333,1.0
6-digit addition | Full FT,289,1.2000000476837158,1.0,0.20000000298023224,5.6371092796325684e-05,0.011083117686212063,1.0
6-digit addition | Full FT,290,1.2000000476837158,1.0,0.20000000298023224,4.4852495193481445e-06,0.0006608020048588514,1.0
6-digit addition | Full FT,291,0.20000000298023224,0.0,0.20000000298023224,0.982487678527832,1.9009639024734497,1.0
6-digit addition | Full FT,292,0.5750000476837158,0.375,0.20000000298023224,0.8141436725854874,46.238006591796875,0.0
6-digit addition | Full FT,293,0.32500001788139343,0.125,0.20000000298023224,0.008704530075192451,29.992074966430664,0.0
6-digit addition | Full FT,294,1.2000000476837158,1.0,0.20000000298023224,0.4325163662433624,0.18447460234165192,1.0
6-digit addition | Full FT,295,1.2000000476837158,1.0,0.20000000298023224,1.4901161193847656e-08,7.139814215406659e-07,1.0
6-digit addition | Full FT,296,0.20000000298023224,0.0,0.20000000298023224,1.335329830646515,2.73773193359375,1.0
6-digit addition | Full FT,297,1.2000000476837158,1.0,0.20000000298023224,0.43712958693504333,0.0018844152800738811,1.0
6-digit addition | Full FT,298,0.20000000298023224,0.0,0.20000000298023224,3.2953431606292725,151.49447631835938,1.0
6-digit addition | Full FT,299,1.2000000476837158,1.0,0.20000000298023224,0.002360612154006958,0.23136377334594727,1.0
6-digit addition | Full FT,300,0.32500001788139343,0.125,0.20000000298023224,0.2303822934627533,23.397781372070312,0.0
6-digit addition | Full FT,301,1.2000000476837158,1.0,0.20000000298023224,1.1444091796875e-05,0.002662270562723279,1.0
6-digit addition | Full FT,302,1.2000000476837158,1.0,0.20000000298023224,2.561509609222412e-05,0.012320112437009811,1.0
6-digit addition | Full FT,303,1.2000000476837158,1.0,0.20000000298023224,0.001005604863166809,0.34857431054115295,1.0
6-digit addition | Full FT,304,1.2000000476837158,1.0,0.20000000298023224,0.6712832450866699,0.13873401284217834,1.0
6-digit addition | Full FT,305,1.2000000476837158,1.0,0.20000000298023224,1.7029899268550253e-08,2.230695599791943e-06,1.0
6-digit addition | Full FT,306,1.2000000476837158,1.0,0.20000000298023224,0.006425231695175171,0.07713060081005096,1.0
6-digit addition | Full FT,307,1.2000000476837158,1.0,0.20000000298023224,6.183981895446777e-06,0.001296507427468896,1.0
6-digit addition | Full FT,308,1.0750000476837158,0.875,0.20000000298023224,0.07136005163192749,69.40402221679688,0.0
6-digit addition | Full FT,309,1.0750000476837158,0.875,0.20000000298023224,0.09886390715837479,28.676681518554688,0.0
6-digit addition | Full FT,310,0.20000000298023224,0.0,0.20000000298023224,0.6914631128311157,16.192895889282227,1.0
6-digit addition | Full FT,311,1.2000000476837158,1.0,0.20000000298023224,6.9141387939453125e-06,0.0022491388954222202,1.0
6-digit addition | Full FT,312,1.2000000476837158,1.0,0.20000000298023224,5.960464477539063e-08,1.2685671890722006e-06,1.0
6-digit addition | Full FT,313,1.2000000476837158,1.0,0.20000000298023224,5.143029193277471e-05,0.005154029466211796,1.0
6-digit addition | Full FT,314,1.2000000476837158,1.0,0.20000000298023224,2.163270950317383,0.001679984270595014,1.0
6-digit addition | Full FT,315,1.2000000476837158,1.0,0.20000000298023224,2.9727816581726074e-06,2.8074864530935884e-06,1.0
6-digit addition | Full FT,316,1.2000000476837158,1.0,0.20000000298023224,3.6507844924926758e-06,3.2289699447574094e-06,1.0
6-digit addition | Full FT,317,1.2000000476837158,1.0,0.20000000298023224,1.3560056686401367e-06,1.96790188056184e-06,1.0
6-digit addition | Full FT,318,1.2000000476837158,1.0,0.20000000298023224,3.5762786865234375e-07,0.00020984845468774438,1.0
6-digit addition | Full FT,319,1.2000000476837158,1.0,0.20000000298023224,1.7029899268550253e-08,4.05522814617143e-06,1.0
6-digit addition | Full FT,320,1.2000000476837158,1.0,0.20000000298023224,0.9464513063430786,0.0080347815528512,1.0
6-digit addition | Full FT,321,1.0750000476837158,0.875,0.20000000298023224,0.2612555958330631,85.3758316040039,0.0
6-digit addition | Full FT,322,1.2000000476837158,1.0,0.20000000298023224,3.7513673305511475e-05,0.00020191172370687127,1.0
6-digit addition | Full FT,323,1.2000000476837158,1.0,0.20000000298023224,5.7220458984375e-06,0.0013343006139621139,1.0
6-digit addition | Full FT,324,1.0750000476837158,0.875,0.20000000298023224,0.07996625453233719,35.871192932128906,0.0
6-digit addition | Full FT,325,0.20000000298023224,0.0,0.20000000298023224,1.4344052076339722,0.005631295498460531,1.0
6-digit addition | Full FT,326,1.2000000476837158,1.0,0.20000000298023224,0.00022988660202827305,0.006348451599478722,1.0
6-digit addition | Full FT,327,0.7000000476837158,0.5,0.20000000298023224,0.8841495513916016,119.30500793457031,0.0
6-digit addition | Full FT,328,1.2000000476837158,1.0,0.20000000298023224,0.0,1.3790749164854788e-07,1.0
6-digit addition | Full FT,329,1.2000000476837158,1.0,0.20000000298023224,3.256648778915405e-05,0.005331380758434534,1.0
6-digit addition | Full FT,330,1.2000000476837158,1.0,0.20000000298023224,1.3743127965426538e-05,0.004427972249686718,1.0
6-digit addition | Full FT,331,1.2000000476837158,1.0,0.20000000298023224,2.060617816823651e-06,0.0004711058863904327,1.0
6-digit addition | Full FT,332,0.20000000298023224,0.0,0.20000000298023224,3.5429381132125854,6.862835884094238,1.0
6-digit addition | Full FT,333,0.20000000298023224,0.0,0.20000000298023224,0.893050491809845,0.05290500447154045,1.0
6-digit addition | Full FT,334,1.2000000476837158,1.0,0.20000000298023224,0.0,1.9981405330327107e-07,1.0
6-digit addition | Full FT,335,1.2000000476837158,1.0,0.20000000298023224,1.7029899268550253e-08,3.248700295443996e-06,1.0
6-digit addition | Full FT,336,0.32500001788139343,0.125,0.20000000298023224,0.7576850950717926,40.134376525878906,0.0
6-digit addition | Full FT,337,1.2000000476837158,1.0,0.20000000298023224,5.619866669803741e-07,7.168201409513131e-05,1.0
6-digit addition | Full FT,338,0.20000000298023224,0.0,0.20000000298023224,1.3235162496566772,0.296079158782959,1.0
6-digit addition | Full FT,339,1.2000000476837158,1.0,0.20000000298023224,4.470348358154297e-08,2.9696730052819476e-06,1.0
6-digit addition | Full FT,340,1.2000000476837158,1.0,0.20000000298023224,3.3661723136901855e-05,0.01264681201428175,1.0
6-digit addition | Full FT,341,0.20000000298023224,0.0,0.20000000298023224,4.1630048751831055,0.0033524134196341038,1.0
6-digit addition | Full FT,342,1.2000000476837158,1.0,0.20000000298023224,1.4901161193847656e-08,8.23552966267016e-07,1.0
6-digit addition | Full FT,343,0.20000000298023224,0.0,0.20000000298023224,1.2427557706832886,1.1071959733963013,1.0
6-digit addition | Full FT,344,1.2000000476837158,1.0,0.20000000298023224,4.104205345356604e-06,0.0005986563046462834,1.0
6-digit addition | Full FT,345,1.2000000476837158,1.0,0.20000000298023224,0.05106797814369202,0.0006872518570162356,1.0
6-digit addition | Full FT,346,1.2000000476837158,1.0,0.20000000298023224,2.895082786835701e-07,7.656939123990014e-05,1.0
6-digit addition | Full FT,347,1.2000000476837158,1.0,0.20000000298023224,8.514949634275126e-09,1.3304170352057554e-06,1.0
6-digit addition | Full FT,348,1.2000000476837158,1.0,0.20000000298023224,0.0036141574382781982,0.006151609588414431,1.0
6-digit addition | Full FT,349,1.2000000476837158,1.0,0.20000000298023224,0.18435250222682953,0.0009953160770237446,1.0
6-digit addition | Full FT,350,1.2000000476837158,1.0,0.20000000298023224,0.0,1.4603919851197134e-07,1.0
6-digit addition | Full FT,351,1.0750000476837158,0.875,0.20000000298023224,0.24341879785060883,40.55685806274414,0.0
6-digit addition | Full FT,352,1.2000000476837158,1.0,0.20000000298023224,1.946091651916504e-05,0.01245302613824606,1.0
6-digit addition | Full FT,353,0.20000000298023224,0.0,0.20000000298023224,1.1923726797103882,1.722058892250061,1.0
6-digit addition | Full FT,354,1.2000000476837158,1.0,0.20000000298023224,0.0,9.884630571832531e-07,1.0
6-digit addition | Full FT,355,0.20000000298023224,0.0,0.20000000298023224,0.5325644612312317,0.0022873044945299625,1.0
6-digit addition | Full FT,356,0.8250000476837158,0.625,0.20000000298023224,0.036137559451162815,50.699119567871094,0.0
6-digit addition | Full FT,357,1.2000000476837158,1.0,0.20000000298023224,2.2932887077331543e-05,0.00871595460921526,1.0
6-digit addition | Full FT,358,0.20000000298023224,0.0,0.20000000298023224,1.4725117087364197,7.700488090515137,1.0
6-digit addition | Full FT,359,1.2000000476837158,1.0,0.20000000298023224,0.0,6.381716275427607e-07,1.0
6-digit addition | Full FT,360,0.32500001788139343,0.125,0.20000000298023224,0.9319929778575897,74.35826110839844,0.0
6-digit addition | Full FT,361,1.2000000476837158,1.0,0.20000000298023224,1.7136335372924805e-07,1.619169580635571e-07,1.0
6-digit addition | Full FT,362,1.0750000476837158,0.875,0.20000000298023224,0.3491627499461174,7.1040873527526855,0.0
6-digit addition | Full FT,363,1.2000000476837158,1.0,0.20000000298023224,0.00019408762454986572,6.114068673923612e-05,1.0
6-digit addition | Full FT,364,0.20000000298023224,0.0,0.20000000298023224,1.110722303390503,0.028324391692876816,1.0
6-digit addition | Full FT,365,1.2000000476837158,1.0,0.20000000298023224,1.4901161193847656e-08,1.5361104033217998e-06,1.0
6-digit addition | Full FT,366,0.8250000476837158,0.625,0.20000000298023224,0.634466826915741,81.44147491455078,0.0
6-digit addition | Full FT,367,1.2000000476837158,1.0,0.20000000298023224,3.405979782655777e-07,6.632406439166516e-05,1.0
6-digit addition | Full FT,368,0.20000000298023224,0.0,0.20000000298023224,0.7502079606056213,1.2451066970825195,1.0
6-digit addition | Full FT,369,1.2000000476837158,1.0,0.20000000298023224,3.8743019104003906e-07,2.539375145715894e-06,1.0
6-digit addition | Full FT,370,1.2000000476837158,1.0,0.20000000298023224,5.990266799926758e-06,1.2593283145179157e-06,1.0
6-digit addition | Full FT,371,1.2000000476837158,1.0,0.20000000298023224,1.341104507446289e-07,7.509704119001981e-06,1.0
6-digit addition | Full FT,372,0.20000000298023224,0.0,0.20000000298023224,1.1318706274032593,1.9847792387008667,1.0
6-digit addition | Full FT,373,0.7000000476837158,0.5,0.20000000298023224,0.5346482992172241,52.030033111572266,0.0
6-digit addition | Full FT,374,1.2000000476837158,1.0,0.20000000298023224,0.0,2.8169236543362786e-07,1.0
6-digit addition | Full FT,375,1.0750000476837158,0.875,0.20000000298023224,0.0020392201840877533,21.25436019897461,0.0
6-digit addition | Full FT,376,1.2000000476837158,1.0,0.20000000298023224,6.811959707420101e-08,1.0949122042802628e-05,1.0
6-digit addition | Full FT,377,1.2000000476837158,1.0,0.20000000298023224,0.576767086982727,1.9945902824401855,1.0
6-digit addition | Full FT,378,1.2000000476837158,1.0,0.20000000298023224,0.00010156631469726562,6.662015221081674e-05,1.0
6-digit addition | Full FT,379,0.20000000298023224,0.0,0.20000000298023224,0.9086930453777313,3.0158040523529053,1.0
6-digit addition | Full FT,380,1.2000000476837158,1.0,0.20000000298023224,1.087784767150879e-06,2.5864010240184143e-06,1.0
6-digit addition | Full FT,381,1.2000000476837158,1.0,0.20000000298023224,2.9802322387695312e-08,2.239198920506169e-06,1.0
6-digit addition | Full FT,382,1.2000000476837158,1.0,0.20000000298023224,0.043877556920051575,0.007166972383856773,1.0
6-digit addition | Full FT,383,1.2000000476837158,1.0,0.20000000298023224,1.8034663298749365e-05,1.9368488210602663e-05,1.0
6-digit addition | Full FT,384,1.0750000476837158,0.875,0.20000000298023224,0.8631714284420013,23.227312088012695,0.0
6-digit addition | Full FT,385,1.2000000476837158,1.0,0.20000000298023224,0.046348169445991516,0.47157353162765503,1.0
6-digit addition | Full FT,386,0.20000000298023224,0.0,0.20000000298023224,0.9535937309265137,6.450802803039551,1.0
6-digit addition | Full FT,387,1.2000000476837158,1.0,0.20000000298023224,5.885958671569824e-06,9.21787868719548e-05,1.0
6-digit addition | Full FT,388,0.8250000476837158,0.625,0.20000000298023224,0.6431879699230194,45.651710510253906,0.0
6-digit addition | Full FT,389,1.0750000476837158,0.875,0.20000000298023224,0.007225807756185532,22.77829360961914,0.0
6-digit addition | Full FT,390,1.2000000476837158,1.0,0.20000000298023224,0.024092748761177063,0.006073465570807457,1.0
6-digit addition | Full FT,391,1.2000000476837158,1.0,0.20000000298023224,0.19462816417217255,0.0010828805388882756,1.0
6-digit addition | Full FT,392,1.2000000476837158,1.0,0.20000000298023224,4.470348358154297e-08,2.9155767151678447e-06,1.0
6-digit addition | Full FT,393,1.2000000476837158,1.0,0.20000000298023224,1.9362994862603955e-05,0.004112191963940859,1.0
6-digit addition | Full FT,394,0.20000000298023224,0.0,0.20000000298023224,0.5879739820957184,5.1366682052612305,1.0
6-digit addition | Full FT,395,0.20000000298023224,0.0,0.20000000298023224,0.6581295132637024,25.0585880279541,1.0
6-digit addition | Full FT,396,1.2000000476837158,1.0,0.20000000298023224,1.5667507113903412e-06,0.00028850731905549765,1.0
6-digit addition | Full FT,397,1.0750000476837158,0.875,0.20000000298023224,0.1147976741194725,13.710674285888672,0.0
6-digit addition | Full FT,398,0.20000000298023224,0.0,0.20000000298023224,3.3372031450271606,15.968574523925781,1.0
6-digit addition | Full FT,399,0.20000000298023224,0.0,0.20000000298023224,0.9848061203956604,0.09976605325937271,1.0
6-digit addition | Full FT,400,0.7000000476837158,0.5,0.20000000298023224,0.04822291433811188,44.2065315246582,0.0
6-digit addition | Full FT,401,1.2000000476837158,1.0,0.20000000298023224,0.5485324859619141,0.0005706975352950394,1.0
6-digit addition | Full FT,402,1.2000000476837158,1.0,0.20000000298023224,1.1410031675040955e-06,0.0001756251440383494,1.0
6-digit addition | Full FT,403,0.20000000298023224,0.0,0.20000000298023224,1.9181400537490845,23.21202278137207,1.0
6-digit addition | Full FT,404,1.2000000476837158,1.0,0.20000000298023224,0.00031040608882904053,0.05652482062578201,1.0
6-digit addition | Full FT,405,0.20000000298023224,0.0,0.20000000298023224,0.6718159317970276,0.35503068566322327,1.0
6-digit addition | Full FT,406,1.2000000476837158,1.0,0.20000000298023224,0.0,6.791665896344057e-07,1.0
6-digit addition | Full FT,407,1.2000000476837158,1.0,0.20000000298023224,4.470348358154297e-08,9.844819714999176e-08,1.0
6-digit addition | Full FT,408,0.20000000298023224,0.0,0.20000000298023224,0.969131588935852,0.21542225778102875,1.0
6-digit addition | Full FT,409,1.2000000476837158,1.0,0.20000000298023224,5.179643630981445e-05,0.00019948824774473906,1.0
6-digit addition | Full FT,410,0.7000000476837158,0.5,0.20000000298023224,0.6433117687702179,28.360628128051758,0.0
6-digit addition | Full FT,411,0.5750000476837158,0.375,0.20000000298023224,1.985819399356842,99.50689697265625,0.0
6-digit addition | Full FT,412,0.20000000298023224,0.0,0.20000000298023224,4.117446541786194,0.5924835205078125,1.0
6-digit addition | Full FT,413,1.2000000476837158,1.0,0.20000000298023224,0.07399719208478928,0.02294163964688778,1.0
6-digit addition | Full FT,414,1.2000000476837158,1.0,0.20000000298023224,1.3623919414840202e-07,1.7270907846977934e-05,1.0
6-digit addition | Full FT,415,1.2000000476837158,1.0,0.20000000298023224,2.5779008865356445e-06,1.646930286369752e-05,1.0
6-digit addition | Full FT,416,1.2000000476837158,1.0,0.20000000298023224,0.3349039852619171,0.0029767269734293222,1.0
6-digit addition | Full FT,417,0.20000000298023224,0.0,0.20000000298023224,1.7652215957641602,0.6238546967506409,1.0
6-digit addition | Full FT,418,1.2000000476837158,1.0,0.20000000298023224,3.5762786865234375e-07,2.1695238956453977e-06,1.0
6-digit addition | Full FT,419,0.20000000298023224,0.0,0.20000000298023224,3.6461894512176514,7.052274227142334,1.0
6-digit addition | Full FT,420,1.2000000476837158,1.0,0.20000000298023224,1.2740492820739746e-05,0.007838311605155468,1.0
6-digit addition | Full FT,421,0.20000000298023224,0.0,0.20000000298023224,4.279631614685059,0.1989189237356186,1.0
6-digit addition | Full FT,422,0.20000000298023224,0.0,0.20000000298023224,1.5329760313034058,6.227940559387207,1.0
6-digit addition | Full FT,423,1.2000000476837158,1.0,0.20000000298023224,0.02455662190914154,0.48218393325805664,1.0
6-digit addition | Full FT,424,1.2000000476837158,1.0,0.20000000298023224,8.344650268554688e-07,0.0003594615845941007,1.0
6-digit addition | Full FT,425,1.2000000476837158,1.0,0.20000000298023224,0.00019806623458862305,0.007009995169937611,1.0
6-digit addition | Full FT,426,1.2000000476837158,1.0,0.20000000298023224,0.0013810396194458008,0.0005147100309841335,1.0
6-digit addition | Full FT,427,1.2000000476837158,1.0,0.20000000298023224,0.0007183551788330078,0.18474136292934418,1.0
6-digit addition | Full FT,428,1.2000000476837158,1.0,0.20000000298023224,3.4059798537100505e-08,3.3865580917336047e-06,1.0
6-digit addition | Full FT,429,0.32500001788139343,0.125,0.20000000298023224,2.0168911814689636,33.17124938964844,0.0
6-digit addition | Full FT,430,0.9500000476837158,0.75,0.20000000298023224,0.2638396620750427,35.399356842041016,0.0
6-digit addition | Full FT,431,1.2000000476837158,1.0,0.20000000298023224,4.7340989112854004e-05,0.00015406588499899954,1.0
6-digit addition | Full FT,432,1.2000000476837158,1.0,0.20000000298023224,0.09265116602182388,0.028651010245084763,1.0
6-digit addition | Full FT,433,1.2000000476837158,1.0,0.20000000298023224,0.3346861004829407,0.004733104258775711,1.0
6-digit addition | Full FT,434,1.2000000476837158,1.0,0.20000000298023224,0.0,1.1233330496907001e-06,1.0
6-digit addition | Full FT,435,1.2000000476837158,1.0,0.20000000298023224,1.6391277313232422e-07,5.469611278385855e-05,1.0
6-digit addition | Full FT,436,1.2000000476837158,1.0,0.20000000298023224,0.0,5.512777647709299e-07,1.0
6-digit addition | Full FT,437,1.2000000476837158,1.0,0.20000000298023224,2.5704503059387207e-06,0.0003146250091958791,1.0
6-digit addition | Full FT,438,1.2000000476837158,1.0,0.20000000298023224,2.9802322387695312e-08,4.777734829986002e-06,1.0
6-digit addition | Full FT,439,0.20000000298023224,0.0,0.20000000298023224,0.6135790646076202,1.8479385375976562,1.0
6-digit addition | Full FT,440,1.2000000476837158,1.0,0.20000000298023224,3.5762786865234375e-07,3.57615172106307e-05,1.0
6-digit addition | Full FT,441,0.32500001788139343,0.125,0.20000000298023224,0.3882317394018173,27.841218948364258,0.0
6-digit addition | Full FT,442,0.32500001788139343,0.125,0.20000000298023224,0.174270361661911,35.009552001953125,0.0
6-digit addition | Full FT,443,1.2000000476837158,1.0,0.20000000298023224,0.0,3.199462980774115e-06,1.0
6-digit addition | Full FT,444,1.2000000476837158,1.0,0.20000000298023224,3.56137752532959e-06,0.0004987019347026944,1.0
6-digit addition | Full FT,445,1.2000000476837158,1.0,0.20000000298023224,0.0,2.466400701450766e-07,1.0
6-digit addition | Full FT,446,0.20000000298023224,0.0,0.20000000298023224,0.043271422386169434,0.23763687908649445,1.0
6-digit addition | Full FT,447,0.32500001788139343,0.125,0.20000000298023224,0.44069644808769226,32.859989166259766,0.0
6-digit addition | Full FT,448,1.2000000476837158,1.0,0.20000000298023224,2.8312206268310547e-07,8.906850780476816e-06,1.0
6-digit addition | Full FT,449,0.20000000298023224,0.0,0.20000000298023224,0.09947199746966362,1.689890742301941,1.0
6-digit addition | Full FT,450,1.2000000476837158,1.0,0.20000000298023224,0.003523588180541992,0.017496919259428978,1.0
6-digit addition | Full FT,451,0.20000000298023224,0.0,0.20000000298023224,0.8015506863594055,0.11406578868627548,1.0
6-digit addition | Full FT,452,0.20000000298023224,0.0,0.20000000298023224,0.017219915986061096,0.034857723861932755,1.0
6-digit addition | Full FT,453,1.2000000476837158,1.0,0.20000000298023224,2.1287373783707153e-06,6.4068466599565e-05,1.0
6-digit addition | Full FT,454,0.32500001788139343,0.125,0.20000000298023224,0.3667249381542206,25.785329818725586,0.0
6-digit addition | Full FT,455,1.2000000476837158,1.0,0.20000000298023224,4.019055995740928e-05,0.00861027929931879,1.0
6-digit addition | Full FT,456,1.2000000476837158,1.0,0.20000000298023224,2.7247838829680404e-07,2.4970535378088243e-05,1.0
6-digit addition | Full FT,457,1.0750000476837158,0.875,0.20000000298023224,0.10037746815942228,30.659076690673828,0.0
6-digit addition | Full FT,458,1.2000000476837158,1.0,0.20000000298023224,3.5762786865234375e-07,2.775345456029754e-05,1.0
6-digit addition | Full FT,459,1.2000000476837158,1.0,0.20000000298023224,7.68899917602539e-06,7.801967876730487e-05,1.0
6-digit addition | Full FT,460,1.2000000476837158,1.0,0.20000000298023224,8.514949456639442e-08,1.0804536032082979e-05,1.0
6-digit addition | Full FT,461,1.2000000476837158,1.0,0.20000000298023224,1.3623919414840202e-07,9.296096322941594e-06,1.0
6-digit addition | Full FT,462,1.2000000476837158,1.0,0.20000000298023224,0.00819389522075653,0.0045982166193425655,1.0
6-digit addition | Full FT,463,1.2000000476837158,1.0,0.20000000298023224,4.246830940246582e-06,0.0013506765244528651,1.0
6-digit addition | Full FT,464,1.2000000476837158,1.0,0.20000000298023224,0.19361644983291626,0.007024180144071579,1.0
6-digit addition | Full FT,465,1.2000000476837158,1.0,0.20000000298023224,7.3909759521484375e-06,0.0012502382742241025,1.0
6-digit addition | Full FT,466,0.20000000298023224,0.0,0.20000000298023224,1.3049759268760681,4.727588176727295,1.0
6-digit addition | Full FT,467,0.32500001788139343,0.125,0.20000000298023224,0.6107913255691528,29.543331146240234,0.0
6-digit addition | Full FT,468,0.9500000476837158,0.75,0.20000000298023224,0.15936050564050674,62.33386993408203,0.0
6-digit addition | Full FT,469,0.9500000476837158,0.75,0.20000000298023224,0.22311338037252426,39.061058044433594,0.0
6-digit addition | Full FT,470,1.2000000476837158,1.0,0.20000000298023224,2.7120113372802734e-06,0.0001735956029733643,1.0
6-digit addition | Full FT,471,1.2000000476837158,1.0,0.20000000298023224,2.4750828742980957e-05,0.00017833099991548806,1.0
6-digit addition | Full FT,472,0.32500001788139343,0.125,0.20000000298023224,0.7727043926715851,28.45269775390625,0.0
6-digit addition | Full FT,473,1.2000000476837158,1.0,0.20000000298023224,2.8327107429504395e-05,0.0018492890521883965,1.0
6-digit addition | Full FT,474,1.2000000476837158,1.0,0.20000000298023224,2.9802322387695312e-08,6.400633992598159e-06,1.0
6-digit addition | Full FT,475,1.2000000476837158,1.0,0.20000000298023224,5.2809715270996094e-05,0.01001178752630949,1.0
6-digit addition | Full FT,476,1.2000000476837158,1.0,0.20000000298023224,4.664063453674316e-06,0.00046349159674718976,1.0
6-digit addition | Full FT,477,1.2000000476837158,1.0,0.20000000298023224,1.341104507446289e-07,3.218969868612476e-05,1.0
6-digit addition | Full FT,478,1.2000000476837158,1.0,0.20000000298023224,3.3676624298095703e-06,3.0016866730875336e-05,1.0
6-digit addition | Full FT,479,1.2000000476837158,1.0,0.20000000298023224,0.00975903868675232,0.030029019340872765,1.0
6-digit addition | Full FT,480,0.9500000476837158,0.75,0.20000000298023224,0.21607550233602524,27.994382858276367,0.0
6-digit addition | Full FT,481,1.2000000476837158,1.0,0.20000000298023224,0.058475226163864136,0.018072035163640976,1.0
6-digit addition | Full FT,482,1.2000000476837158,1.0,0.20000000298023224,6.811959707420101e-08,7.55824794396176e-06,1.0
6-digit addition | Full FT,483,1.2000000476837158,1.0,0.20000000298023224,1.3232231140136719e-05,0.003331135492771864,1.0
6-digit addition | Full FT,484,0.20000000298023224,0.0,0.20000000298023224,0.48409026861190796,2.47529673576355,1.0
6-digit addition | Full FT,485,1.2000000476837158,1.0,0.20000000298023224,1.7898422811413184e-05,0.0033979250583797693,1.0
6-digit addition | Full FT,486,1.2000000476837158,1.0,0.20000000298023224,9.591877460479736e-05,0.10365940630435944,1.0
6-digit addition | Full FT,487,1.2000000476837158,1.0,0.20000000298023224,5.108969602929392e-08,5.404569947131677e-06,1.0
6-digit addition | Full FT,488,0.32500001788139343,0.125,0.20000000298023224,0.4574885666370392,26.130046844482422,0.0
6-digit addition | Full FT,489,1.2000000476837158,1.0,0.20000000298023224,5.224347114562988e-05,0.00028173168539069593,1.0
6-digit addition | Full FT,490,1.0750000476837158,0.875,0.20000000298023224,0.03360206261277199,17.808250427246094,0.0
6-digit addition | Full FT,491,1.2000000476837158,1.0,0.20000000298023224,1.36643648147583e-05,0.00023736177536193281,1.0
6-digit addition | Full FT,492,0.20000000298023224,0.0,0.20000000298023224,0.1393297016620636,0.17021368443965912,1.0
6-digit addition | Full FT,493,1.2000000476837158,1.0,0.20000000298023224,6.109476089477539e-07,2.266912588311243e-06,1.0
6-digit addition | Full FT,494,1.2000000476837158,1.0,0.20000000298023224,1.1920928955078125e-06,0.00010175674833590165,1.0
6-digit addition | Full FT,495,1.2000000476837158,1.0,0.20000000298023224,4.4405460357666016e-06,0.0010507144033908844,1.0
6-digit addition | Full FT,496,1.2000000476837158,1.0,0.20000000298023224,0.2282416820526123,0.05682077631354332,1.0
6-digit addition | Full FT,497,0.32500001788139343,0.125,0.20000000298023224,0.11439897865056992,33.19590377807617,0.0
6-digit addition | Full FT,498,0.5750000476837158,0.375,0.20000000298023224,0.24282880872488022,27.258607864379883,0.0
6-digit addition | Full FT,499,1.2000000476837158,1.0,0.20000000298023224,5.108969602929392e-08,4.030207492178306e-06,1.0
6-digit addition | Full FT,500,1.0750000476837158,0.875,0.20000000298023224,0.026734167709946632,42.6489372253418,0.0
6-digit addition | LoRA,1,1.2000000476837158,1.0,0.20000000298023224,0.0,0.0,1.0
6-digit addition | LoRA,2,1.2000000476837158,1.0,0.20000000298023224,0.0,0.0,1.0
6-digit addition | LoRA,3,1.0750000476837158,0.875,0.20000000298023224,0.0,11.559388160705566,0.0
6-digit addition | LoRA,4,1.2000000476837158,1.0,0.20000000298023224,2.421438694000244e-08,1.3544018884203979e-06,1.0
6-digit addition | LoRA,5,1.2000000476837158,1.0,0.20000000298023224,3.927520282331898e-07,8.285124749818351e-06,1.0
6-digit addition | LoRA,6,1.2000000476837158,1.0,0.20000000298023224,0.0,9.670417799867437e-10,1.0
6-digit addition | LoRA,7,1.2000000476837158,1.0,0.20000000298023224,-3.725290298461914e-09,3.777004931038164e-09,1.0
6-digit addition | LoRA,8,0.20000000298023224,0.0,0.20000000298023224,0.00743194785900414,0.4843880534172058,1.0
6-digit addition | LoRA,9,0.20000000298023224,0.0,0.20000000298023224,0.0008108360634651035,0.02718666009604931,1.0
6-digit addition | LoRA,10,1.2000000476837158,1.0,0.20000000298023224,-2.1287374085687816e-09,7.762044340609009e-09,1.0
6-digit addition | LoRA,11,1.2000000476837158,1.0,0.20000000298023224,1.3564314485847717e-05,0.0008179057622328401,1.0
6-digit addition | LoRA,12,1.2000000476837158,1.0,0.20000000298023224,1.6460195183753967e-05,0.0009124721982516348,1.0
6-digit addition | LoRA,13,1.2000000476837158,1.0,0.20000000298023224,3.1398874966726e-07,1.3783504073217046e-05,1.0
6-digit addition | LoRA,14,0.125,0.0,0.125,0.00019942067592637613,6.432188510894775,0.0
6-digit addition | LoRA,15,1.2000000476837158,1.0,0.20000000298023224,-2.7939677238464355e-09,6.799094176557219e-09,1.0
6-digit addition | LoRA,16,0.20000000298023224,0.0,0.20000000298023224,2.8703361749649048e-06,0.00011108946637250483,1.0
6-digit addition | LoRA,17,1.2000000476837158,1.0,0.20000000298023224,6.51925802230835e-09,3.527761975874455e-07,1.0
6-digit addition | LoRA,18,1.2000000476837158,1.0,0.20000000298023224,-2.7939677238464355e-09,5.139424885669541e-08,1.0
6-digit addition | LoRA,19,1.2000000476837158,1.0,0.20000000298023224,5.928533397536739e-07,2.1124204067746177e-05,1.0
6-digit addition | LoRA,20,1.2000000476837158,1.0,0.20000000298023224,-1.0643687042843908e-09,1.1910032959860928e-09,1.0
6-digit addition | LoRA,21,1.2000000476837158,1.0,0.20000000298023224,2.1287374085687816e-09,2.1020115070768952e-07,1.0
6-digit addition | LoRA,22,0.32500001788139343,0.125,0.20000000298023224,0.001804988831281662,18.126123428344727,0.0
6-digit addition | LoRA,23,0.20000000298023224,0.0,0.20000000298023224,1.542057293590915e-05,0.0010167791042476892,1.0
6-digit addition | LoRA,24,1.2000000476837158,1.0,0.20000000298023224,1.656157678553427e-06,0.0001513077295385301,1.0
6-digit addition | LoRA,25,1.2000000476837158,1.0,0.20000000298023224,1.862645149230957e-09,2.581111004928971e-07,1.0
6-digit addition | LoRA,26,1.2000000476837158,1.0,0.20000000298023224,0.0,6.052947587598112e-10,1.0
6-digit addition | LoRA,27,1.2000000476837158,1.0,0.20000000298023224,-9.313225746154785e-10,4.3095251811564594e-09,1.0
6-digit addition | LoRA,28,1.0750000476837158,0.875,0.20000000298023224,0.0004918426275253296,10.407106399536133,0.0
6-digit addition | LoRA,29,0.20000000298023224,0.0,0.20000000298023224,2.839602530002594e-06,4.448710387805477e-05,1.0
6-digit addition | LoRA,30,0.45000001788139343,0.25,0.20000000298023224,0.0005329528066795319,9.494501113891602,0.0
6-digit addition | LoRA,31,0.7000000476837158,0.5,0.20000000298023224,0.001419244334101677,11.774624824523926,0.0
6-digit addition | LoRA,32,1.2000000476837158,1.0,0.20000000298023224,0.0,1.6631371835273967e-08,1.0
6-digit addition | LoRA,33,1.2000000476837158,1.0,0.20000000298023224,0.0,6.445929301435172e-08,1.0
6-digit addition | LoRA,34,0.20000000298023224,0.0,0.20000000298023224,9.563751518726349e-06,0.0003075325221288949,1.0
6-digit addition | LoRA,35,0.7000000476837158,0.5,0.20000000298023224,0.002834414830431342,11.55504322052002,0.0
6-digit addition | LoRA,36,0.32500001788139343,0.125,0.20000000298023224,0.0032406437676399946,9.528984069824219,0.0
6-digit addition | LoRA,37,1.2000000476837158,1.0,0.20000000298023224,-1.7029898380371833e-08,5.352719933959804e-10,1.0
6-digit addition | LoRA,38,1.2000000476837158,1.0,0.20000000298023224,-1.862645149230957e-09,7.843394200790499e-08,1.0
6-digit addition | LoRA,39,1.2000000476837158,1.0,0.20000000298023224,-9.313225746154785e-10,5.901049426881855e-09,1.0
6-digit addition | LoRA,40,1.0750000476837158,0.875,0.20000000298023224,0.00011485442519187927,7.322906017303467,0.0
6-digit addition | LoRA,41,0.6750000715255737,0.5,0.17500001192092896,0.000875648227520287,17.555400848388672,0.0
6-digit addition | LoRA,42,0.7000000476837158,0.5,0.20000000298023224,0.00043587852269411087,11.469328880310059,0.0
6-digit addition | LoRA,43,0.20000000298023224,0.0,0.20000000298023224,0.0001407169929734664,0.015056299045681953,1.0
6-digit addition | LoRA,44,0.32500001788139343,0.125,0.20000000298023224,0.03909727372229099,83.60678100585938,0.0
6-digit addition | LoRA,45,1.2000000476837158,1.0,0.20000000298023224,-9.313225746154785e-10,7.518475086953913e-08,1.0
6-digit addition | LoRA,46,0.20000000298023224,0.0,0.20000000298023224,0.005843515507876873,0.1337367743253708,1.0
6-digit addition | LoRA,47,1.2000000476837158,1.0,0.20000000298023224,-1.0643687042843908e-09,5.783461487496311e-10,1.0
6-digit addition | LoRA,48,0.20000000298023224,0.0,0.20000000298023224,2.580242471594829e-05,0.0006376074161380529,1.0
6-digit addition | LoRA,49,1.2000000476837158,1.0,0.20000000298023224,0.0,1.0012163897954451e-07,1.0
6-digit addition | LoRA,50,0.05000000074505806,0.0,0.05000000074505806,0.003951391438022256,7.356035232543945,0.0
6-digit addition | LoRA,51,1.0750000476837158,0.875,0.20000000298023224,0.0006709648296236992,6.370188236236572,0.0
6-digit addition | LoRA,52,1.2000000476837158,1.0,0.20000000298023224,-2.1287374085687816e-09,2.4557413880188506e-09,1.0
6-digit addition | LoRA,53,1.2000000476837158,1.0,0.20000000298023224,-9.313225746154785e-10,1.11418885229142e-09,1.0
6-digit addition | LoRA,54,1.2000000476837158,1.0,0.20000000298023224,4.043802618980408e-06,0.00034709624014794827,1.0
6-digit addition | LoRA,55,0.20000000298023224,0.0,0.20000000298023224,0.36208781599998474,5.911808490753174,1.0
6-digit addition | LoRA,56,1.2000000476837158,1.0,0.20000000298023224,2.812594175338745e-07,3.7298341339919716e-06,1.0
6-digit addition | LoRA,57,1.0750000476837158,0.875,0.20000000298023224,0.001260414719581604,10.07703971862793,0.0
6-digit addition | LoRA,58,0.32500001788139343,0.125,0.20000000298023224,0.0032258779974654317,11.348217964172363,0.0
6-digit addition | LoRA,59,1.2000000476837158,1.0,0.20000000298023224,0.0,6.307257827131707e-09,1.0
6-digit addition | LoRA,60,1.0750000476837158,0.875,0.20000000298023224,0.00012786872684955597,12.729214668273926,0.0
6-digit addition | LoRA,61,1.2000000476837158,1.0,0.20000000298023224,6.146728992462158e-08,1.2101916126994183e-06,1.0
6-digit addition | LoRA,62,1.2000000476837158,1.0,0.20000000298023224,0.0,7.613984820409314e-08,1.0
6-digit addition | LoRA,63,0.32500001788139343,0.125,0.20000000298023224,0.0014609117060899734,8.094117164611816,0.0
6-digit addition | LoRA,64,1.2000000476837158,1.0,0.20000000298023224,3.166496753692627e-08,3.9626388570468407e-07,1.0
6-digit addition | LoRA,65,1.2000000476837158,1.0,0.20000000298023224,-6.386212225706345e-09,7.823695824527022e-08,1.0
6-digit addition | LoRA,66,1.2000000476837158,1.0,0.20000000298023224,0.0,5.920461454422821e-09,1.0
6-digit addition | LoRA,67,1.2000000476837158,1.0,0.20000000298023224,0.0,1.4727873143272063e-08,1.0
6-digit addition | LoRA,68,1.2000000476837158,1.0,0.20000000298023224,-9.313225746154785e-10,8.750157820536231e-10,1.0
6-digit addition | LoRA,69,1.2000000476837158,1.0,0.20000000298023224,2.4419277906417847e-06,3.135832230327651e-05,1.0
6-digit addition | LoRA,70,1.2000000476837158,1.0,0.20000000298023224,-5.587935447692871e-09,2.1455516474588876e-08,1.0
6-digit addition | LoRA,71,1.2000000476837158,1.0,0.20000000298023224,2.421438694000244e-08,7.187483106463333e-07,1.0
6-digit addition | LoRA,72,1.2000000476837158,1.0,0.20000000298023224,0.0,1.4614933707690625e-09,1.0
6-digit addition | LoRA,73,0.20000000298023224,0.0,0.20000000298023224,0.004016464576125145,0.02451786771416664,1.0
6-digit addition | LoRA,74,0.9500000476837158,0.75,0.20000000298023224,0.00027711130678653717,7.476029396057129,0.0
6-digit addition | LoRA,75,1.0750000476837158,0.875,0.20000000298023224,0.002322044223546982,29.052640914916992,0.0
6-digit addition | LoRA,76,1.2000000476837158,1.0,0.20000000298023224,1.993030309677124e-07,1.4908948742231587e-06,1.0
6-digit addition | LoRA,77,1.2000000476837158,1.0,0.20000000298023224,1.0562794614088489e-05,0.00016023265197873116,1.0
6-digit addition | LoRA,78,0.20000000298023224,0.0,0.20000000298023224,0.12080719694495201,1.8270163536071777,1.0
6-digit addition | LoRA,79,1.2000000476837158,1.0,0.20000000298023224,4.6566128730773926e-09,3.255017020364903e-07,1.0
6-digit addition | LoRA,80,1.2000000476837158,1.0,0.20000000298023224,7.692724466323853e-07,1.9476998204481788e-05,1.0
6-digit addition | LoRA,81,0.7000000476837158,0.5,0.20000000298023224,0.014472590759396553,48.394874572753906,0.0
6-digit addition | LoRA,82,1.2000000476837158,1.0,0.20000000298023224,0.0,1.1581337133748093e-07,1.0
6-digit addition | LoRA,83,1.2000000476837158,1.0,0.20000000298023224,-1.0643687042843908e-09,1.0273931705384598e-09,1.0
6-digit addition | LoRA,84,1.2000000476837158,1.0,0.20000000298023224,0.046212948858737946,0.5314585566520691,1.0
6-digit addition | LoRA,85,1.2000000476837158,1.0,0.20000000298023224,3.91155481338501e-08,3.7307313505152706e-07,1.0
6-digit addition | LoRA,86,1.2000000476837158,1.0,0.20000000298023224,-6.386212114684042e-09,5.6930082870110255e-09,1.0
6-digit addition | LoRA,87,1.2000000476837158,1.0,0.20000000298023224,5.792826414108276e-07,8.442523721896578e-06,1.0
6-digit addition | LoRA,88,0.7000000476837158,0.5,0.20000000298023224,0.03718758188188076,23.462039947509766,0.0
6-digit addition | LoRA,89,1.2000000476837158,1.0,0.20000000298023224,0.0,1.1983209091681601e-08,1.0
6-digit addition | LoRA,90,1.2000000476837158,1.0,0.20000000298023224,2.2910535335540771e-07,1.0404048680356937e-06,1.0
6-digit addition | LoRA,91,0.5750000476837158,0.375,0.20000000298023224,0.002838876098394394,11.704265594482422,0.0
6-digit addition | LoRA,92,1.2000000476837158,1.0,0.20000000298023224,0.00020624138414859772,0.001250448520295322,1.0
6-digit addition | LoRA,93,1.2000000476837158,1.0,0.20000000298023224,0.0,1.5480624560026968e-09,1.0
6-digit addition | LoRA,94,1.2000000476837158,1.0,0.20000000298023224,4.6938657760620117e-07,1.0901182577072177e-05,1.0
6-digit addition | LoRA,95,1.2000000476837158,1.0,0.20000000298023224,-4.257474817137563e-09,1.6296922700220762e-09,1.0
6-digit addition | LoRA,96,1.2000000476837158,1.0,0.20000000298023224,0.00010582485629129224,0.003523227758705616,1.0
6-digit addition | LoRA,97,1.2000000476837158,1.0,0.20000000298023224,2.60770320892334e-08,7.978796645602415e-08,1.0
6-digit addition | LoRA,98,1.2000000476837158,1.0,0.20000000298023224,2.1420419216156006e-08,2.3993251829779183e-07,1.0
6-digit addition | LoRA,99,1.2000000476837158,1.0,0.20000000298023224,3.725290298461914e-09,1.5932420183162321e-07,1.0
6-digit addition | LoRA,100,1.2000000476837158,1.0,0.20000000298023224,5.002532788012104e-08,2.157033350158599e-06,1.0
6-digit addition | LoRA,101,0.20000000298023224,0.0,0.20000000298023224,0.0001055981447279919,0.002707918407395482,1.0
6-digit addition | LoRA,102,1.2000000476837158,1.0,0.20000000298023224,7.636845111846924e-08,4.0220172081717465e-07,1.0
6-digit addition | LoRA,103,0.20000000298023224,0.0,0.20000000298023224,0.001468694768846035,0.0015117899747565389,1.0
6-digit addition | LoRA,104,1.2000000476837158,1.0,0.20000000298023224,0.0,1.1011032086116757e-09,1.0
6-digit addition | LoRA,105,1.2000000476837158,1.0,0.20000000298023224,6.146728992462158e-08,1.1739313521275108e-07,1.0
6-digit addition | LoRA,106,1.2000000476837158,1.0,0.20000000298023224,0.0064902715384960175,0.04267266392707825,1.0
6-digit addition | LoRA,107,1.0750000476837158,0.875,0.20000000298023224,0.00025592317771128137,12.258627891540527,0.0
6-digit addition | LoRA,108,0.45000001788139343,0.25,0.20000000298023224,0.4461796283721924,53.63294982910156,0.0
6-digit addition | LoRA,109,1.2000000476837158,1.0,0.20000000298023224,0.14825627952814102,0.0018664381932467222,1.0
6-digit addition | LoRA,110,0.20000000298023224,0.0,0.20000000298023224,0.004835410043597221,0.023800605908036232,1.0
6-digit addition | LoRA,111,1.2000000476837158,1.0,0.20000000298023224,-4.257474817137563e-09,1.2489796974435308e-09,1.0
6-digit addition | LoRA,112,1.2000000476837158,1.0,0.20000000298023224,1.9175931811332703e-06,8.501348929712549e-05,1.0
6-digit addition | LoRA,113,1.2000000476837158,1.0,0.20000000298023224,6.612390279769897e-08,4.2856208892771974e-07,1.0
6-digit addition | LoRA,114,1.2000000476837158,1.0,0.20000000298023224,4.0046870708465576e-07,5.815896201966098e-06,1.0
6-digit addition | LoRA,115,1.2000000476837158,1.0,0.20000000298023224,0.0,2.1316139964255854e-09,1.0
6-digit addition | LoRA,116,1.2000000476837158,1.0,0.20000000298023224,0.0,3.3236613461440356e-09,1.0
6-digit addition | LoRA,117,0.7000000476837158,0.5,0.20000000298023224,0.07569895498454571,34.095340728759766,0.0
6-digit addition | LoRA,118,1.2000000476837158,1.0,0.20000000298023224,-1.0643687042843908e-09,1.5763361727039182e-09,1.0
6-digit addition | LoRA,119,0.20000000298023224,0.0,0.20000000298023224,0.005378748624934815,0.06294427812099457,1.0
6-digit addition | LoRA,120,1.2000000476837158,1.0,0.20000000298023224,4.6832219879888726e-08,1.1921222267119447e-06,1.0
6-digit addition | LoRA,121,1.2000000476837158,1.0,0.20000000298023224,0.0002644546329975128,0.00405199034139514,1.0
6-digit addition | LoRA,122,1.2000000476837158,1.0,0.20000000298023224,1.3783574104309082e-07,3.7254626477079e-06,1.0
6-digit addition | LoRA,123,1.2000000476837158,1.0,0.20000000298023224,3.164474492223235e-05,0.00088722282089293,1.0
6-digit addition | LoRA,124,1.2000000476837158,1.0,0.20000000298023224,5.066394805908203e-07,2.4653211312397616e-06,1.0
6-digit addition | LoRA,125,0.20000000298023224,0.0,0.20000000298023224,3.461326855358493e-06,2.8714948712149635e-05,1.0
6-digit addition | LoRA,126,1.2000000476837158,1.0,0.20000000298023224,0.0,3.1176965453738603e-09,1.0
6-digit addition | LoRA,127,1.2000000476837158,1.0,0.20000000298023224,-1.0643687042843908e-09,4.657497143512046e-08,1.0
6-digit addition | LoRA,128,1.2000000476837158,1.0,0.20000000298023224,0.03246656060218811,0.08259082585573196,1.0
6-digit addition | LoRA,129,1.2000000476837158,1.0,0.20000000298023224,2.03635017896886e-05,0.000127421211800538,1.0
6-digit addition | LoRA,130,1.2000000476837158,1.0,0.20000000298023224,3.205612301826477e-06,3.499195372569375e-05,1.0
6-digit addition | LoRA,131,1.2000000476837158,1.0,0.20000000298023224,1.0643686465527935e-07,7.058155802042165e-07,1.0
6-digit addition | LoRA,132,1.2000000476837158,1.0,0.20000000298023224,0.0012080613523721695,0.01172194816172123,1.0
6-digit addition | LoRA,133,1.2000000476837158,1.0,0.20000000298023224,-8.514949634275126e-09,3.940961335047177e-09,1.0
6-digit addition | LoRA,134,1.2000000476837158,1.0,0.20000000298023224,9.313225746154785e-10,2.9519934940935855e-08,1.0
6-digit addition | LoRA,135,1.2000000476837158,1.0,0.20000000298023224,6.742775440216064e-07,1.9003426132258028e-05,1.0
6-digit addition | LoRA,136,1.2000000476837158,1.0,0.20000000298023224,1.9082799553871155e-06,5.9259171393932775e-05,1.0
6-digit addition | LoRA,137,1.2000000476837158,1.0,0.20000000298023224,0.28947294503450394,4.8565673828125,1.0
6-digit addition | LoRA,138,1.2000000476837158,1.0,0.20000000298023224,4.842877388000488e-06,1.9367442291695625e-05,1.0
6-digit addition | LoRA,139,1.2000000476837158,1.0,0.20000000298023224,0.0,3.0862143063359326e-08,1.0
6-digit addition | LoRA,140,0.9500000476837158,0.75,0.20000000298023224,0.012256557121872902,10.73435115814209,0.0
6-digit addition | LoRA,141,0.20000000298023224,0.0,0.20000000298023224,4.7947678012860706e-05,0.001271040178835392,1.0
6-digit addition | LoRA,142,1.2000000476837158,1.0,0.20000000298023224,1.817941665649414e-06,1.5494157196371816e-05,1.0
6-digit addition | LoRA,143,0.32500001788139343,0.125,0.20000000298023224,0.002663616673089564,6.918770790100098,0.0
6-digit addition | LoRA,144,1.2000000476837158,1.0,0.20000000298023224,1.2256205081939697e-06,6.393948569893837e-05,1.0
6-digit addition | LoRA,145,1.2000000476837158,1.0,0.20000000298023224,8.307397365570068e-07,8.475329195789527e-06,1.0
6-digit addition | LoRA,146,1.2000000476837158,1.0,0.20000000298023224,0.0,1.7143659825080704e-09,1.0
6-digit addition | LoRA,147,1.0750000476837158,0.875,0.20000000298023224,0.009788338327780366,11.570394515991211,0.0
6-digit addition | LoRA,148,1.2000000476837158,1.0,0.20000000298023224,2.1420419216156006e-07,9.158129046227259e-07,1.0
6-digit addition | LoRA,149,0.20000000298023224,0.0,0.20000000298023224,1.8407192328595556e-05,0.0001208558605867438,1.0
6-digit addition | LoRA,150,1.2000000476837158,1.0,0.20000000298023224,0.0,1.8056778294806008e-09,1.0
6-digit addition | LoRA,151,1.2000000476837158,1.0,0.20000000298023224,3.3583492040634155e-06,1.6919109839363955e-05,1.0
6-digit addition | LoRA,152,1.2000000476837158,1.0,0.20000000298023224,2.4512410163879395e-06,1.1753151738957968e-05,1.0
6-digit addition | LoRA,153,1.2000000476837158,1.0,0.20000000298023224,1.0244548320770264e-07,5.060614967078436e-07,1.0
6-digit addition | LoRA,154,1.2000000476837158,1.0,0.20000000298023224,2.60770320892334e-08,8.154531627724282e-08,1.0
6-digit addition | LoRA,155,1.2000000476837158,1.0,0.20000000298023224,5.841255187988281e-06,3.413836020627059e-05,1.0
6-digit addition | LoRA,156,1.2000000476837158,1.0,0.20000000298023224,0.0,2.642376761841092e-09,1.0
6-digit addition | LoRA,157,0.20000000298023224,0.0,0.20000000298023224,4.041939973831177e-07,1.901636210277502e-06,1.0
6-digit addition | LoRA,158,1.2000000476837158,1.0,0.20000000298023224,0.014544518664479256,0.062138281762599945,1.0
6-digit addition | LoRA,159,0.7000000476837158,0.5,0.20000000298023224,0.05139116011559963,9.524641990661621,0.0
6-digit addition | LoRA,160,0.20000000298023224,0.0,0.20000000298023224,0.00021451499196700752,0.00817598681896925,1.0
6-digit addition | LoRA,161,1.2000000476837158,1.0,0.20000000298023224,0.0,2.736492277222169e-08,1.0
6-digit addition | LoRA,162,1.2000000476837158,1.0,0.20000000298023224,0.0008766921237111092,0.009175281971693039,1.0
6-digit addition | LoRA,163,1.2000000476837158,1.0,0.20000000298023224,0.00013074704475002363,2.3062639229465276e-05,1.0
6-digit addition | LoRA,164,0.20000000298023224,0.0,0.20000000298023224,0.030677564442157745,0.35620495676994324,1.0
6-digit addition | LoRA,165,1.2000000476837158,1.0,0.20000000298023224,0.0,8.082919222829332e-09,1.0
6-digit addition | LoRA,166,0.45000001788139343,0.25,0.20000000298023224,0.03580572735518217,10.250334739685059,0.0
6-digit addition | LoRA,167,1.2000000476837158,1.0,0.20000000298023224,6.162694603517593e-07,2.1251471480354667e-06,1.0
6-digit addition | LoRA,168,1.2000000476837158,1.0,0.20000000298023224,5.960464477539063e-08,4.708565768396511e-07,1.0
6-digit addition | LoRA,169,1.2000000476837158,1.0,0.20000000298023224,2.1287373641598606e-08,4.5877953880335554e-07,1.0
6-digit addition | LoRA,170,1.2000000476837158,1.0,0.20000000298023224,6.513936057217506e-07,5.599034011538606e-06,1.0
6-digit addition | LoRA,171,1.2000000476837158,1.0,0.20000000298023224,-1.0643687042843908e-09,1.0237117403777418e-10,1.0
6-digit addition | LoRA,172,1.2000000476837158,1.0,0.20000000298023224,5.962593149888562e-06,2.4614912035758607e-05,1.0
6-digit addition | LoRA,173,1.2000000476837158,1.0,0.20000000298023224,0.0,1.1532869104158294e-09,1.0
6-digit addition | LoRA,174,1.2000000476837158,1.0,0.20000000298023224,5.875315082448651e-06,5.803173917229287e-05,1.0
6-digit addition | LoRA,175,1.2000000476837158,1.0,0.20000000298023224,1.0803341865539551e-07,5.817927331008832e-07,1.0
6-digit addition | LoRA,176,1.2000000476837158,1.0,0.20000000298023224,2.0770090486621484e-05,0.00013213335478212684,1.0
6-digit addition | LoRA,177,1.2000000476837158,1.0,0.20000000298023224,3.427267074584961e-07,1.4150664355838671e-06,1.0
6-digit addition | LoRA,178,1.2000000476837158,1.0,0.20000000298023224,8.514949634275126e-09,2.1451968734709226e-07,1.0
6-digit addition | LoRA,179,1.2000000476837158,1.0,0.20000000298023224,1.2665987014770508e-07,6.853743457213568e-07,1.0
6-digit addition | LoRA,180,1.2000000476837158,1.0,0.20000000298023224,1.8998980522155762e-07,1.0857080496862181e-06,1.0
6-digit addition | LoRA,181,1.2000000476837158,1.0,0.20000000298023224,-2.7939677238464355e-09,5.335032859932198e-09,1.0
6-digit addition | LoRA,182,1.2000000476837158,1.0,0.20000000298023224,2.8870999813079834e-08,1.379208924845443e-07,1.0
6-digit addition | LoRA,183,1.2000000476837158,1.0,0.20000000298023224,3.7979334592819214e-06,1.5650275599909946e-05,1.0
6-digit addition | LoRA,184,1.2000000476837158,1.0,0.20000000298023224,1.8756836652755737e-06,1.0609045602905098e-05,1.0
6-digit addition | LoRA,185,1.2000000476837158,1.0,0.20000000298023224,5.46872615814209e-06,9.98893847281579e-06,1.0
6-digit addition | LoRA,186,0.7000000476837158,0.5,0.20000000298023224,0.01830105297267437,16.391305923461914,0.0
6-digit addition | LoRA,187,1.2000000476837158,1.0,0.20000000298023224,1.372024416923523e-05,4.526016709860414e-05,1.0
6-digit addition | LoRA,188,1.2000000476837158,1.0,0.20000000298023224,0.00581796676851809,0.07102016359567642,1.0
6-digit addition | LoRA,189,1.2000000476837158,1.0,0.20000000298023224,2.39349901676178e-07,1.4054604662305792e-06,1.0
6-digit addition | LoRA,190,0.32500001788139343,0.125,0.20000000298023224,0.020852860994637012,7.312009334564209,0.0
6-digit addition | LoRA,191,1.2000000476837158,1.0,0.20000000298023224,-2.1287374085687816e-09,4.933453112698771e-08,1.0
6-digit addition | LoRA,192,1.0750000476837158,0.875,0.20000000298023224,0.00014226511120796204,102.95494842529297,0.0
6-digit addition | LoRA,193,0.9500000476837158,0.75,0.20000000298023224,0.26195646077394485,18.121320724487305,0.0
6-digit addition | LoRA,194,1.2000000476837158,1.0,0.20000000298023224,-8.514949634275126e-09,2.272903465438958e-08,1.0
6-digit addition | LoRA,195,0.20000000298023224,0.0,0.20000000298023224,0.02904556691646576,0.5160617232322693,1.0
6-digit addition | LoRA,196,1.2000000476837158,1.0,0.20000000298023224,1.0643686820799303e-08,5.8204264519190474e-08,1.0
6-digit addition | LoRA,197,0.7000000476837158,0.5,0.20000000298023224,0.006285877898335457,21.63593292236328,0.0
6-digit addition | LoRA,198,0.9500000476837158,0.75,0.20000000298023224,0.038162044249475,6.813897609710693,0.0
6-digit addition | LoRA,199,1.2000000476837158,1.0,0.20000000298023224,2.7194619178771973e-07,1.2694999895757064e-06,1.0
6-digit addition | LoRA,200,0.27500003576278687,0.125,0.15000000596046448,0.0194194745272398,8.400561332702637,0.0
6-digit addition | LoRA,201,1.2000000476837158,1.0,0.20000000298023224,6.277114152908325e-07,2.8655056212301133e-06,1.0
6-digit addition | LoRA,202,1.2000000476837158,1.0,0.20000000298023224,2.60770320892334e-08,9.798346667366786e-08,1.0
6-digit addition | LoRA,203,0.20000000298023224,0.0,0.20000000298023224,0.017875390592962503,0.3096732795238495,1.0
6-digit addition | LoRA,204,1.2000000476837158,1.0,0.20000000298023224,0.005145067349076271,0.00884391088038683,1.0
6-digit addition | LoRA,205,1.2000000476837158,1.0,0.20000000298023224,2.7673586089349556e-08,2.1237849523458863e-07,1.0
6-digit addition | LoRA,206,1.2000000476837158,1.0,0.20000000298023224,7.916241884231567e-07,3.164165718771983e-06,1.0
6-digit addition | LoRA,207,1.2000000476837158,1.0,0.20000000298023224,5.345791578292847e-07,5.801121574222634e-07,1.0
6-digit addition | LoRA,208,1.2000000476837158,1.0,0.20000000298023224,0.0,4.4942161103733724e-09,1.0
6-digit addition | LoRA,209,1.2000000476837158,1.0,0.20000000298023224,0.0,1.9016621610745688e-09,1.0
6-digit addition | LoRA,210,1.2000000476837158,1.0,0.20000000298023224,-3.725290298461914e-09,2.6991537893650275e-09,1.0
6-digit addition | LoRA,211,1.2000000476837158,1.0,0.20000000298023224,0.0,2.1217658741079504e-09,1.0
6-digit addition | LoRA,212,1.2000000476837158,1.0,0.20000000298023224,0.007288970053195953,0.1090613454580307,1.0
6-digit addition | LoRA,213,1.2000000476837158,1.0,0.20000000298023224,5.3085386753082275e-08,6.900622651073718e-08,1.0
6-digit addition | LoRA,214,0.20000000298023224,0.0,0.20000000298023224,0.02126174420118332,0.2421826720237732,1.0
6-digit addition | LoRA,215,1.2000000476837158,1.0,0.20000000298023224,8.780509233474731e-06,3.9071808714652434e-05,1.0
6-digit addition | LoRA,216,1.2000000476837158,1.0,0.20000000298023224,7.5660645961761475e-06,2.2406289645005018e-05,1.0
6-digit addition | LoRA,217,1.2000000476837158,1.0,0.20000000298023224,-8.514949634275126e-09,3.274236437533773e-09,1.0
6-digit addition | LoRA,218,1.2000000476837158,1.0,0.20000000298023224,2.4400651454925537e-07,1.6055902563039126e-07,1.0
6-digit addition | LoRA,219,1.2000000476837158,1.0,0.20000000298023224,2.2508203983306885e-05,4.628410897566937e-05,1.0
6-digit addition | LoRA,220,1.2000000476837158,1.0,0.20000000298023224,0.0,9.272193679521479e-09,1.0
6-digit addition | LoRA,221,1.2000000476837158,1.0,0.20000000298023224,9.778887033462524e-08,3.3350673334098246e-07,1.0
6-digit addition | LoRA,222,1.2000000476837158,1.0,0.20000000298023224,2.2724270820617676e-07,5.801728093501879e-07,1.0
6-digit addition | LoRA,223,1.0750000476837158,0.875,0.20000000298023224,0.014703940483741462,20.585006713867188,0.0
6-digit addition | LoRA,224,1.2000000476837158,1.0,0.20000000298023224,1.6689300537109375e-06,3.2775310501165222e-06,1.0
6-digit addition | LoRA,225,1.2000000476837158,1.0,0.20000000298023224,0.055623603984713554,0.27467185258865356,1.0
6-digit addition | LoRA,226,1.2000000476837158,1.0,0.20000000298023224,1.862645149230957e-08,6.871875513070336e-08,1.0
6-digit addition | LoRA,227,1.2000000476837158,1.0,0.20000000298023224,9.313225746154785e-09,1.45466199086286e-08,1.0
6-digit addition | LoRA,228,1.2000000476837158,1.0,0.20000000298023224,1.212581992149353e-06,1.4165577795210993e-06,1.0
6-digit addition | LoRA,229,0.20000000298023224,0.0,0.20000000298023224,0.0014841211959719658,0.03131736442446709,1.0
6-digit addition | LoRA,230,1.2000000476837158,1.0,0.20000000298023224,0.28123152256011963,0.6244184970855713,1.0
6-digit addition | LoRA,231,0.32500001788139343,0.125,0.20000000298023224,0.0021421568817459047,10.191404342651367,0.0
6-digit addition | LoRA,232,0.5750000476837158,0.375,0.20000000298023224,0.027532905573025346,36.80908966064453,0.0
6-digit addition | LoRA,233,0.9500000476837158,0.75,0.20000000298023224,0.0025865063071250916,10.591108322143555,0.0
6-digit addition | LoRA,234,1.2000000476837158,1.0,0.20000000298023224,0.0,3.2146338924121665e-09,1.0
6-digit addition | LoRA,235,1.2000000476837158,1.0,0.20000000298023224,1.7236918210983276e-05,5.5324639106402174e-05,1.0
6-digit addition | LoRA,236,1.2000000476837158,1.0,0.20000000298023224,7.115304470062256e-07,8.968327165348455e-06,1.0
6-digit addition | LoRA,237,0.20000000298023224,0.0,0.20000000298023224,0.023494012653827667,0.10539937764406204,1.0
6-digit addition | LoRA,238,1.2000000476837158,1.0,0.20000000298023224,1.237727701663971e-06,2.2884898953634547e-06,1.0
6-digit addition | LoRA,239,1.2000000476837158,1.0,0.20000000298023224,1.4062970876693726e-07,6.109028731771105e-07,1.0
6-digit addition | LoRA,240,0.20000000298023224,0.0,0.20000000298023224,1.7136335372924805e-07,5.972060989734018e-06,1.0
6-digit addition | LoRA,241,1.2000000476837158,1.0,0.20000000298023224,4.916079342365265e-05,0.0002617202408146113,1.0
6-digit addition | LoRA,242,1.2000000476837158,1.0,0.20000000298023224,-1.0643687042843908e-09,1.031694640829528e-08,1.0
6-digit addition | LoRA,243,0.20000000298023224,0.0,0.20000000298023224,0.002416212751995772,0.027081405743956566,1.0
6-digit addition | LoRA,244,1.2000000476837158,1.0,0.20000000298023224,0.0007488238043151796,0.0036728340201079845,1.0
6-digit addition | LoRA,245,1.2000000476837158,1.0,0.20000000298023224,-5.587935447692871e-09,1.4692531635773776e-08,1.0
6-digit addition | LoRA,246,1.2000000476837158,1.0,0.20000000298023224,5.327165126800537e-07,2.520100451874896e-06,1.0
6-digit addition | LoRA,247,1.2000000476837158,1.0,0.20000000298023224,0.0067865680903196335,0.019486190751194954,1.0
6-digit addition | LoRA,248,1.2000000476837158,1.0,0.20000000298023224,-3.1931061128531724e-09,1.7465046298070774e-08,1.0
6-digit addition | LoRA,249,0.9500000476837158,0.75,0.20000000298023224,0.030464892675809097,8.768304824829102,0.0
6-digit addition | LoRA,250,1.2000000476837158,1.0,0.20000000298023224,0.0,1.6560285365230243e-09,1.0
6-digit addition | LoRA,251,1.2000000476837158,1.0,0.20000000298023224,9.499490261077881e-08,1.718271533945881e-07,1.0
6-digit addition | LoRA,252,1.2000000476837158,1.0,0.20000000298023224,1.2027365983158234e-06,1.1656627066258807e-05,1.0
6-digit addition | LoRA,253,0.7000000476837158,0.5,0.20000000298023224,0.008890781551599503,11.870086669921875,0.0
6-digit addition | LoRA,254,1.2000000476837158,1.0,0.20000000298023224,5.165114998817444e-06,4.8855439672479406e-05,1.0
6-digit addition | LoRA,255,1.2000000476837158,1.0,0.20000000298023224,1.4435499906539917e-07,2.775485086203844e-07,1.0
6-digit addition | LoRA,256,1.2000000476837158,1.0,0.20000000298023224,3.471332092885859e-05,0.0002464728895574808,1.0
6-digit addition | LoRA,257,0.5750000476837158,0.375,0.20000000298023224,0.020263242535293102,12.847601890563965,0.0
6-digit addition | LoRA,258,1.2000000476837158,1.0,0.20000000298023224,4.248321056365967e-05,0.0007422862690873444,1.0
6-digit addition | LoRA,259,1.2000000476837158,1.0,0.20000000298023224,6.288662552833557e-05,0.0001433522702427581,1.0
6-digit addition | LoRA,260,1.2000000476837158,1.0,0.20000000298023224,6.202608346939087e-07,1.120302749768598e-05,1.0
6-digit addition | LoRA,261,1.2000000476837158,1.0,0.20000000298023224,1.1378899216651917e-05,0.0002497814130038023,1.0
6-digit addition | LoRA,262,1.2000000476837158,1.0,0.20000000298023224,0.0,7.668904622448736e-09,1.0
6-digit addition | LoRA,263,1.2000000476837158,1.0,0.20000000298023224,-8.514949634275126e-09,1.0187269916528408e-09,1.0
6-digit addition | LoRA,264,1.2000000476837158,1.0,0.20000000298023224,-8.514949634275126e-09,6.325852730526549e-09,1.0
6-digit addition | LoRA,265,1.2000000476837158,1.0,0.20000000298023224,5.494803190231323e-07,3.3522137528052554e-06,1.0
6-digit addition | LoRA,266,1.2000000476837158,1.0,0.20000000298023224,4.696659743785858e-06,6.52828305192088e-07,1.0
6-digit addition | LoRA,267,1.2000000476837158,1.0,0.20000000298023224,-8.514949634275126e-09,1.3745835580891708e-09,1.0
6-digit addition | LoRA,268,1.2000000476837158,1.0,0.20000000298023224,0.00013730674982070923,0.002783022355288267,1.0
6-digit addition | LoRA,269,0.20000000298023224,0.0,0.20000000298023224,0.009714461863040924,0.2641107141971588,1.0
6-digit addition | LoRA,270,0.20000000298023224,0.0,0.20000000298023224,0.0016566980630159378,0.041830990463495255,1.0
6-digit addition | LoRA,271,1.2000000476837158,1.0,0.20000000298023224,-1.862645149230957e-09,3.221058619828909e-08,1.0
6-digit addition | LoRA,272,1.2000000476837158,1.0,0.20000000298023224,6.811959707420101e-08,2.4590011094005604e-07,1.0
6-digit addition | LoRA,273,1.2000000476837158,1.0,0.20000000298023224,0.00022135674953460693,0.0001450615527573973,1.0
6-digit addition | LoRA,274,1.0750000476837158,0.875,0.20000000298023224,0.004516582004725933,7.243613243103027,0.0
6-digit addition | LoRA,275,0.9500000476837158,0.75,0.20000000298023224,0.12390311062335968,12.706671714782715,0.0
6-digit addition | LoRA,276,1.2000000476837158,1.0,0.20000000298023224,1.427318352398288e-06,5.464482455863617e-06,1.0
6-digit addition | LoRA,277,1.2000000476837158,1.0,0.20000000298023224,0.0,7.666869805689203e-09,1.0
6-digit addition | LoRA,278,0.8250000476837158,0.625,0.20000000298023224,0.033682070672512054,7.6338067054748535,0.0
6-digit addition | LoRA,279,0.8250000476837158,0.625,0.20000000298023224,0.04543352872133255,7.950417518615723,0.0
6-digit addition | LoRA,280,1.2000000476837158,1.0,0.20000000298023224,0.0,2.630343276521785e-09,1.0
6-digit addition | LoRA,281,0.20000000298023224,0.0,0.20000000298023224,0.47022734582424164,1.3869094848632812,1.0
6-digit addition | LoRA,282,1.2000000476837158,1.0,0.20000000298023224,0.0022012144327163696,0.0497429333627224,1.0
6-digit addition | LoRA,283,1.2000000476837158,1.0,0.20000000298023224,5.178153514862061e-07,1.91542312677484e-06,1.0
6-digit addition | LoRA,284,1.2000000476837158,1.0,0.20000000298023224,2.812594175338745e-07,1.092440743377665e-05,1.0
6-digit addition | LoRA,285,1.2000000476837158,1.0,0.20000000298023224,2.9243528842926025e-07,5.220770617597736e-06,1.0
6-digit addition | LoRA,286,1.2000000476837158,1.0,0.20000000298023224,1.4156103134155273e-06,3.761390416912036e-06,1.0
6-digit addition | LoRA,287,0.20000000298023224,0.0,0.20000000298023224,0.00018050521612167358,0.005401767324656248,1.0
6-digit addition | LoRA,288,1.0750000476837158,0.875,0.20000000298023224,0.00098455511033535,6.590225696563721,0.0
6-digit addition | LoRA,289,1.2000000476837158,1.0,0.20000000298023224,3.259629011154175e-07,2.598721266622306e-06,1.0
6-digit addition | LoRA,290,1.2000000476837158,1.0,0.20000000298023224,2.6617199182510376e-06,0.00010576489148661494,1.0
6-digit addition | LoRA,291,0.8250000476837158,0.625,0.20000000298023224,0.04503988102078438,11.847936630249023,0.0
6-digit addition | LoRA,292,1.2000000476837158,1.0,0.20000000298023224,6.601214408874512e-06,1.4496016774501186e-05,1.0
6-digit addition | LoRA,293,1.2000000476837158,1.0,0.20000000298023224,0.04613646864891052,0.2038891762495041,1.0
6-digit addition | LoRA,294,0.20000000298023224,0.0,0.20000000298023224,0.0041188872419297695,0.05039282143115997,1.0
6-digit addition | LoRA,295,1.2000000476837158,1.0,0.20000000298023224,2.2351741790771484e-08,1.82511570301358e-08,1.0
6-digit addition | LoRA,296,1.2000000476837158,1.0,0.20000000298023224,8.940696716308594e-08,2.9907434964115964e-06,1.0
6-digit addition | LoRA,297,0.20000000298023224,0.0,0.20000000298023224,0.03648127429187298,0.0480063296854496,1.0
6-digit addition | LoRA,298,1.2000000476837158,1.0,0.20000000298023224,9.129089812631719e-05,0.006446559447795153,1.0
6-digit addition | LoRA,299,1.2000000476837158,1.0,0.20000000298023224,0.0010655391961336136,0.0036580900195986032,1.0
6-digit addition | LoRA,300,0.8250000476837158,0.625,0.20000000298023224,0.4213273674249649,9.828665733337402,0.0
6-digit addition | LoRA,301,1.2000000476837158,1.0,0.20000000298023224,-8.514949634275126e-09,1.7281400754853848e-09,1.0
6-digit addition | LoRA,302,1.2000000476837158,1.0,0.20000000298023224,1.7229467630386353e-07,5.8216078286932316e-06,1.0
6-digit addition | LoRA,303,1.2000000476837158,1.0,0.20000000298023224,5.587935447692871e-09,3.1097931696422165e-07,1.0
6-digit addition | LoRA,304,0.20000000298023224,0.0,0.20000000298023224,0.01933484897017479,0.13965928554534912,1.0
6-digit addition | LoRA,305,1.2000000476837158,1.0,0.20000000298023224,0.0,8.383044480808621e-09,1.0
6-digit addition | LoRA,306,1.2000000476837158,1.0,0.20000000298023224,0.004257957451045513,0.014292738400399685,1.0
6-digit addition | LoRA,307,1.2000000476837158,1.0,0.20000000298023224,0.0,9.542163503795109e-09,1.0
6-digit addition | LoRA,308,1.2000000476837158,1.0,0.20000000298023224,2.477318048477173e-07,9.280243489229179e-07,1.0
6-digit addition | LoRA,309,1.2000000476837158,1.0,0.20000000298023224,1.1958181858062744e-06,1.243834321940085e-05,1.0
6-digit addition | LoRA,310,1.2000000476837158,1.0,0.20000000298023224,1.8764819031957813e-06,8.731607522349805e-05,1.0
6-digit addition | LoRA,311,1.2000000476837158,1.0,0.20000000298023224,1.3355165719985962e-06,9.625070561014581e-06,1.0
6-digit addition | LoRA,312,1.2000000476837158,1.0,0.20000000298023224,2.7939677238464355e-08,1.077147402384071e-07,1.0
6-digit addition | LoRA,313,1.2000000476837158,1.0,0.20000000298023224,5.4010322855901904e-05,0.0002438645315123722,1.0
6-digit addition | LoRA,314,0.20000000298023224,0.0,0.20000000298023224,0.035782257094979286,1.1257803440093994,1.0
6-digit addition | LoRA,315,1.2000000476837158,1.0,0.20000000298023224,1.5459954738616943e-06,5.4147035370988306e-06,1.0
6-digit addition | LoRA,316,1.2000000476837158,1.0,0.20000000298023224,1.7527490854263306e-06,6.808877515140921e-06,1.0
6-digit addition | LoRA,317,1.2000000476837158,1.0,0.20000000298023224,5.21540641784668e-08,1.6400371123381774e-06,1.0
6-digit addition | LoRA,318,1.2000000476837158,1.0,0.20000000298023224,1.8496066331863403e-06,7.475572056137025e-05,1.0
6-digit addition | LoRA,319,1.2000000476837158,1.0,0.20000000298023224,0.0,6.581125866489401e-09,1.0
6-digit addition | LoRA,320,0.15000000596046448,0.0,0.15000000596046448,0.01017767284065485,5.350759983062744,0.0
6-digit addition | LoRA,321,0.7000000476837158,0.5,0.20000000298023224,0.045626312494277954,13.574259757995605,0.0
6-digit addition | LoRA,322,1.2000000476837158,1.0,0.20000000298023224,9.423121809959412e-06,0.00010886934614973143,1.0
6-digit addition | LoRA,323,1.2000000476837158,1.0,0.20000000298023224,5.587935447692871e-08,1.41270461995191e-07,1.0
6-digit addition | LoRA,324,1.2000000476837158,1.0,0.20000000298023224,3.166496753692627e-08,9.950699677574448e-07,1.0
6-digit addition | LoRA,325,1.2000000476837158,1.0,0.20000000298023224,6.811959352148733e-08,4.833477191823476e-07,1.0
6-digit addition | LoRA,326,1.2000000476837158,1.0,0.20000000298023224,0.00012202561265439726,0.0010465224040672183,1.0
6-digit addition | LoRA,327,1.2000000476837158,1.0,0.20000000298023224,-4.257474817137563e-09,5.020206472750033e-10,1.0
6-digit addition | LoRA,328,1.2000000476837158,1.0,0.20000000298023224,0.0,5.65771829386108e-09,1.0
6-digit addition | LoRA,329,1.2000000476837158,1.0,0.20000000298023224,2.289190888404846e-06,1.369600067846477e-05,1.0
6-digit addition | LoRA,330,1.2000000476837158,1.0,0.20000000298023224,-8.514949634275126e-09,1.584748332561503e-08,1.0
6-digit addition | LoRA,331,1.2000000476837158,1.0,0.20000000298023224,0.0,2.8363247750462506e-08,1.0
6-digit addition | LoRA,332,0.20000000298023224,0.0,0.20000000298023224,1.344829797744751e-06,1.035925151882111e-06,1.0
6-digit addition | LoRA,333,1.2000000476837158,1.0,0.20000000298023224,0.0,9.98218823156094e-08,1.0
6-digit addition | LoRA,334,1.2000000476837158,1.0,0.20000000298023224,0.0,1.6119642287648617e-09,1.0
6-digit addition | LoRA,335,1.2000000476837158,1.0,0.20000000298023224,3.4059798537100505e-08,1.0717455722897284e-07,1.0
6-digit addition | LoRA,336,1.2000000476837158,1.0,0.20000000298023224,2.1792948246002197e-07,8.671949558447523e-07,1.0
6-digit addition | LoRA,337,1.2000000476837158,1.0,0.20000000298023224,-2.1287374085687816e-09,1.0043424980565874e-09,1.0
6-digit addition | LoRA,338,1.2000000476837158,1.0,0.20000000298023224,0.0,5.852109907777958e-09,1.0
6-digit addition | LoRA,339,1.2000000476837158,1.0,0.20000000298023224,3.166496753692627e-08,6.392907891950017e-08,1.0
6-digit addition | LoRA,340,1.2000000476837158,1.0,0.20000000298023224,3.781169652938843e-07,2.2384012936527142e-06,1.0
6-digit addition | LoRA,341,1.2000000476837158,1.0,0.20000000298023224,-2.7939677238464355e-09,6.1668359307986975e-09,1.0
6-digit addition | LoRA,342,1.2000000476837158,1.0,0.20000000298023224,4.6566128730773926e-08,2.3826042649943702e-07,1.0
6-digit addition | LoRA,343,0.20000000298023224,0.0,0.20000000298023224,0.03819330222904682,0.32290634512901306,1.0
6-digit addition | LoRA,344,1.2000000476837158,1.0,0.20000000298023224,0.0,3.752134247747563e-08,1.0
6-digit addition | LoRA,345,1.2000000476837158,1.0,0.20000000298023224,0.04932260513305664,0.03834717348217964,1.0
6-digit addition | LoRA,346,1.2000000476837158,1.0,0.20000000298023224,-1.0643686820799303e-08,1.2340222177442683e-09,1.0
6-digit addition | LoRA,347,1.2000000476837158,1.0,0.20000000298023224,0.0,4.655163809985652e-09,1.0
6-digit addition | LoRA,348,1.2000000476837158,1.0,0.20000000298023224,0.0019904877990484238,0.008772734552621841,1.0
6-digit addition | LoRA,349,0.20000000298023224,0.0,0.20000000298023224,0.020879235118627548,0.7348401546478271,1.0
6-digit addition | LoRA,350,1.2000000476837158,1.0,0.20000000298023224,-9.313225746154785e-10,1.9661838823736844e-09,1.0
6-digit addition | LoRA,351,0.7000000476837158,0.5,0.20000000298023224,0.0005781389772891998,10.69946575164795,0.0
6-digit addition | LoRA,352,1.2000000476837158,1.0,0.20000000298023224,2.212822437286377e-06,9.789798787096515e-05,1.0
6-digit addition | LoRA,353,1.2000000476837158,1.0,0.20000000298023224,5.263303137326147e-06,2.2259691832005046e-05,1.0
6-digit addition | LoRA,354,1.2000000476837158,1.0,0.20000000298023224,0.0,2.992803338486283e-09,1.0
6-digit addition | LoRA,355,1.2000000476837158,1.0,0.20000000298023224,1.364387571811676e-06,2.1042021671746625e-06,1.0
6-digit addition | LoRA,356,1.2000000476837158,1.0,0.20000000298023224,0.0003746982110897079,0.006964146625250578,1.0
6-digit addition | LoRA,357,1.2000000476837158,1.0,0.20000000298023224,4.991888999938965e-07,2.880087095036288e-06,1.0
6-digit addition | LoRA,358,1.2000000476837158,1.0,0.20000000298023224,7.227063179016113e-07,7.001932317507453e-06,1.0
6-digit addition | LoRA,359,1.2000000476837158,1.0,0.20000000298023224,2.9802322387695312e-08,2.7264384527825314e-08,1.0
6-digit addition | LoRA,360,1.2000000476837158,1.0,0.20000000298023224,2.421438694000244e-08,4.4582296965245405e-08,1.0
6-digit addition | LoRA,361,1.2000000476837158,1.0,0.20000000298023224,1.0244548320770264e-08,5.217312946115271e-07,1.0
6-digit addition | LoRA,362,0.32500001788139343,0.125,0.20000000298023224,0.006628934293985367,8.111998558044434,0.0
6-digit addition | LoRA,363,1.2000000476837158,1.0,0.20000000298023224,0.0001550130546092987,0.004409817047417164,1.0
6-digit addition | LoRA,364,1.2000000476837158,1.0,0.20000000298023224,1.2984499335289001e-05,2.5895802536979318e-05,1.0
6-digit addition | LoRA,365,1.2000000476837158,1.0,0.20000000298023224,0.0,6.93447521626922e-09,1.0
6-digit addition | LoRA,366,1.2000000476837158,1.0,0.20000000298023224,0.0,1.002997418453333e-08,1.0
6-digit addition | LoRA,367,1.2000000476837158,1.0,0.20000000298023224,0.0,3.6083744880954782e-09,1.0
6-digit addition | LoRA,368,0.20000000298023224,0.0,0.20000000298023224,0.03670713119208813,0.03001386485993862,1.0
6-digit addition | LoRA,369,1.2000000476837158,1.0,0.20000000298023224,3.855675458908081e-07,2.916708581324201e-07,1.0
6-digit addition | LoRA,370,1.2000000476837158,1.0,0.20000000298023224,4.626810550689697e-06,4.087908746441826e-05,1.0
6-digit addition | LoRA,371,1.2000000476837158,1.0,0.20000000298023224,8.195638656616211e-08,1.4040347195987124e-07,1.0
6-digit addition | LoRA,372,0.45000001788139343,0.25,0.20000000298023224,0.014521421864628792,7.309593677520752,0.0
6-digit addition | LoRA,373,1.2000000476837158,1.0,0.20000000298023224,2.58665531873703e-05,3.6501503927866e-05,1.0
6-digit addition | LoRA,374,1.2000000476837158,1.0,0.20000000298023224,0.0,8.143720364728324e-09,1.0
6-digit addition | LoRA,375,1.2000000476837158,1.0,0.20000000298023224,4.589371383190155e-05,0.0002794011088553816,1.0
6-digit addition | LoRA,376,1.2000000476837158,1.0,0.20000000298023224,0.0,3.1542153333674605e-09,1.0
6-digit addition | LoRA,377,0.20000000298023224,0.0,0.20000000298023224,0.0027231741696596146,0.06065557897090912,1.0
6-digit addition | LoRA,378,1.2000000476837158,1.0,0.20000000298023224,6.898865103721619e-05,0.00013112329179421067,1.0
6-digit addition | LoRA,379,0.20000000298023224,0.0,0.20000000298023224,0.0001978735817829147,0.0008081211126409471,1.0
6-digit addition | LoRA,380,1.2000000476837158,1.0,0.20000000298023224,1.0579824447631836e-06,4.086920739609923e-07,1.0
6-digit addition | LoRA,381,1.2000000476837158,1.0,0.20000000298023224,1.210719347000122e-08,1.3152651412440264e-08,1.0
6-digit addition | LoRA,382,0.20000000298023224,0.0,0.20000000298023224,0.008838565088808537,0.1371985375881195,1.0
6-digit addition | LoRA,383,1.2000000476837158,1.0,0.20000000298023224,1.8319913124287268e-05,0.0004917109617963433,1.0
6-digit addition | LoRA,384,0.20000000298023224,0.0,0.20000000298023224,0.0017934228526428342,0.06763124465942383,1.0
6-digit addition | LoRA,385,0.7000000476837158,0.5,0.20000000298023224,0.00557248480618,10.843867301940918,0.0
6-digit addition | LoRA,386,0.20000000298023224,0.0,0.20000000298023224,0.04403976537287235,0.15841726958751678,1.0
6-digit addition | LoRA,387,1.2000000476837158,1.0,0.20000000298023224,2.944841980934143e-06,1.8704542526393197e-05,1.0
6-digit addition | LoRA,388,0.5750000476837158,0.375,0.20000000298023224,0.22837846353650093,93.65637969970703,0.0
6-digit addition | LoRA,389,1.2000000476837158,1.0,0.20000000298023224,1.7099082469940186e-05,0.0005192262469790876,1.0
6-digit addition | LoRA,390,1.0750000476837158,0.875,0.20000000298023224,0.013523591682314873,15.238019943237305,0.0
6-digit addition | LoRA,391,1.2000000476837158,1.0,0.20000000298023224,0.15398240834474564,0.5088600516319275,1.0
6-digit addition | LoRA,392,1.2000000476837158,1.0,0.20000000298023224,2.9802322387695312e-08,2.3943302451812087e-08,1.0
6-digit addition | LoRA,393,1.2000000476837158,1.0,0.20000000298023224,1.8094266920343216e-06,4.763253400597023e-06,1.0
6-digit addition | LoRA,394,1.0750000476837158,0.875,0.20000000298023224,0.0013069650158286095,6.0286760330200195,0.0
6-digit addition | LoRA,395,0.20000000298023224,0.0,0.20000000298023224,0.0001753922551870346,0.0017046922584995627,1.0
6-digit addition | LoRA,396,1.2000000476837158,1.0,0.20000000298023224,0.0,2.2203681115939844e-09,1.0
6-digit addition | LoRA,397,1.2000000476837158,1.0,0.20000000298023224,0.0,1.0812376549651503e-09,1.0
6-digit addition | LoRA,398,1.2000000476837158,1.0,0.20000000298023224,1.695007085800171e-07,1.3083858618756494e-07,1.0
6-digit addition | LoRA,399,1.2000000476837158,1.0,0.20000000298023224,1.8086284399032593e-06,1.142025848821504e-05,1.0
6-digit addition | LoRA,400,0.7000000476837158,0.5,0.20000000298023224,0.004412040114402771,10.26888370513916,0.0
6-digit addition | LoRA,401,0.20000000298023224,0.0,0.20000000298023224,0.004867516458034515,0.07534357160329819,1.0
6-digit addition | LoRA,402,1.2000000476837158,1.0,0.20000000298023224,0.0,3.728340969288979e-10,1.0
6-digit addition | LoRA,403,1.2000000476837158,1.0,0.20000000298023224,0.0,4.736199699095778e-08,1.0
6-digit addition | LoRA,404,1.2000000476837158,1.0,0.20000000298023224,1.955777406692505e-08,8.405750406836887e-08,1.0
6-digit addition | LoRA,405,1.0500000715255737,0.875,0.17500001192092896,0.04006023146212101,8.117425918579102,0.0
6-digit addition | LoRA,406,1.2000000476837158,1.0,0.20000000298023224,-4.257474817137563e-09,1.8817973845841607e-09,1.0
6-digit addition | LoRA,407,1.2000000476837158,1.0,0.20000000298023224,2.0489096641540527e-08,2.5350235688392786e-08,1.0
6-digit addition | LoRA,408,1.2000000476837158,1.0,0.20000000298023224,9.313225746154785e-09,6.974256621106178e-07,1.0
6-digit addition | LoRA,409,1.2000000476837158,1.0,0.20000000298023224,4.556216299533844e-05,7.291270594578236e-05,1.0
6-digit addition | LoRA,410,0.15000000596046448,0.0,0.15000000596046448,0.018160163424909115,5.968094348907471,0.0
6-digit addition | LoRA,411,1.2000000476837158,1.0,0.20000000298023224,3.4059798537100505e-08,2.9537501333720684e-08,1.0
6-digit addition | LoRA,412,0.9500000476837158,0.75,0.20000000298023224,0.016913941130042076,9.924383163452148,0.0
6-digit addition | LoRA,413,0.20000000298023224,0.0,0.20000000298023224,0.4512256681919098,0.12486355751752853,1.0
6-digit addition | LoRA,414,1.2000000476837158,1.0,0.20000000298023224,0.0,6.014789999397863e-09,1.0
6-digit addition | LoRA,415,1.2000000476837158,1.0,0.20000000298023224,2.4866312742233276e-06,2.0480595139815705e-06,1.0
6-digit addition | LoRA,416,1.2000000476837158,1.0,0.20000000298023224,0.325949102640152,0.15213604271411896,1.0
6-digit addition | LoRA,417,1.2000000476837158,1.0,0.20000000298023224,0.0,3.60795437970296e-09,1.0
6-digit addition | LoRA,418,1.2000000476837158,1.0,0.20000000298023224,3.557652235031128e-07,2.287081315444084e-07,1.0
6-digit addition | LoRA,419,1.2000000476837158,1.0,0.20000000298023224,5.681067705154419e-08,4.9645194621916744e-08,1.0
6-digit addition | LoRA,420,1.2000000476837158,1.0,0.20000000298023224,0.0,4.6354862170971955e-09,1.0
6-digit addition | LoRA,421,0.20000000298023224,0.0,0.20000000298023224,0.0063964989967644215,0.16441357135772705,1.0
6-digit addition | LoRA,422,0.20000000298023224,0.0,0.20000000298023224,6.288290023803711e-06,0.0001616462686797604,1.0
6-digit addition | LoRA,423,0.42500001192092896,0.25,0.17500001192092896,0.048960041254758835,8.10357666015625,0.0
6-digit addition | LoRA,424,1.2000000476837158,1.0,0.20000000298023224,0.0,1.6605115060741582e-09,1.0
6-digit addition | LoRA,425,0.7000000476837158,0.5,0.20000000298023224,0.0228901244699955,13.786935806274414,0.0
6-digit addition | LoRA,426,1.0750000476837158,0.875,0.20000000298023224,0.01198660023510456,8.099167823791504,0.0
6-digit addition | LoRA,427,1.2000000476837158,1.0,0.20000000298023224,1.9278377294540405e-06,6.134697287052404e-06,1.0
6-digit addition | LoRA,428,1.2000000476837158,1.0,0.20000000298023224,0.0,7.82501174967365e-09,1.0
6-digit addition | LoRA,429,1.2000000476837158,1.0,0.20000000298023224,4.652887582778931e-06,1.718400562822353e-05,1.0
6-digit addition | LoRA,430,1.2000000476837158,1.0,0.20000000298023224,0.0,5.579666950694673e-09,1.0
6-digit addition | LoRA,431,1.2000000476837158,1.0,0.20000000298023224,3.623589873313904e-05,4.8929556214716285e-05,1.0
6-digit addition | LoRA,432,0.20000000298023224,0.0,0.20000000298023224,0.9273300170898438,6.615447521209717,1.0
6-digit addition | LoRA,433,1.2000000476837158,1.0,0.20000000298023224,0.2479599565267563,0.5564947724342346,1.0
6-digit addition | LoRA,434,1.2000000476837158,1.0,0.20000000298023224,-7.450580596923828e-09,3.1328759586557453e-09,1.0
6-digit addition | LoRA,435,1.2000000476837158,1.0,0.20000000298023224,6.705522537231445e-08,8.011833187993034e-07,1.0
6-digit addition | LoRA,436,1.2000000476837158,1.0,0.20000000298023224,0.0,6.098549221178473e-08,1.0
6-digit addition | LoRA,437,1.2000000476837158,1.0,0.20000000298023224,5.3085386753082275e-08,3.923295466279342e-08,1.0
6-digit addition | LoRA,438,1.2000000476837158,1.0,0.20000000298023224,2.421438694000244e-08,7.06771800196293e-07,1.0
6-digit addition | LoRA,439,1.2000000476837158,1.0,0.20000000298023224,3.2205134630203247e-06,0.00010805002966662869,1.0
6-digit addition | LoRA,440,1.2000000476837158,1.0,0.20000000298023224,0.0,7.212784147725415e-09,1.0
6-digit addition | LoRA,441,1.2000000476837158,1.0,0.20000000298023224,0.0004413090646266937,0.00028441022732295096,1.0
6-digit addition | LoRA,442,1.2000000476837158,1.0,0.20000000298023224,0.0003720394161064178,0.006544269155710936,1.0
6-digit addition | LoRA,443,1.2000000476837158,1.0,0.20000000298023224,6.811959707420101e-08,4.5157808159501656e-08,1.0
6-digit addition | LoRA,444,1.2000000476837158,1.0,0.20000000298023224,5.709007382392883e-07,3.6718321894113615e-07,1.0
6-digit addition | LoRA,445,1.2000000476837158,1.0,0.20000000298023224,0.0,7.773012455913886e-09,1.0
6-digit addition | LoRA,446,0.20000000298023224,0.0,0.20000000298023224,0.0023950295289978385,0.04873611405491829,1.0
6-digit addition | LoRA,447,1.0750000476837158,0.875,0.20000000298023224,0.022514683660119772,9.795890808105469,0.0
6-digit addition | LoRA,448,1.2000000476837158,1.0,0.20000000298023224,4.470348358154297e-07,3.523479676914576e-07,1.0
6-digit addition | LoRA,449,0.5750000476837158,0.375,0.20000000298023224,0.23411785066127777,176.72508239746094,0.0
6-digit addition | LoRA,450,1.2000000476837158,1.0,0.20000000298023224,0.0008239131420850754,0.03315877169370651,1.0
6-digit addition | LoRA,451,1.2000000476837158,1.0,0.20000000298023224,1.1750629482776276e-06,2.065414264507126e-05,1.0
6-digit addition | LoRA,452,1.0750000476837158,0.875,0.20000000298023224,0.01642429083585739,5.608237266540527,0.0
6-digit addition | LoRA,453,1.2000000476837158,1.0,0.20000000298023224,1.3581343978330551e-06,7.118980647646822e-06,1.0
6-digit addition | LoRA,454,1.2000000476837158,1.0,0.20000000298023224,4.1350722312927246e-07,4.41223346570041e-06,1.0
6-digit addition | LoRA,455,1.2000000476837158,1.0,0.20000000298023224,0.0,1.2198396071028128e-08,1.0
6-digit addition | LoRA,456,1.2000000476837158,1.0,0.20000000298023224,0.0,4.771903761024987e-09,1.0
6-digit addition | LoRA,457,1.2000000476837158,1.0,0.20000000298023224,1.7029898824461043e-08,8.819300774121075e-07,1.0
6-digit addition | LoRA,458,1.2000000476837158,1.0,0.20000000298023224,0.0,1.8403060186855669e-09,1.0
6-digit addition | LoRA,459,1.2000000476837158,1.0,0.20000000298023224,6.757676601409912e-06,5.192923708818853e-06,1.0
6-digit addition | LoRA,460,1.2000000476837158,1.0,0.20000000298023224,-9.579318227537215e-09,2.4881501303752884e-08,1.0
6-digit addition | LoRA,461,1.2000000476837158,1.0,0.20000000298023224,2.0052705735906784e-06,0.00012630670971702784,1.0
6-digit addition | LoRA,462,1.2000000476837158,1.0,0.20000000298023224,0.0008062403649091721,0.02267882600426674,1.0
6-digit addition | LoRA,463,1.2000000476837158,1.0,0.20000000298023224,6.146728992462158e-08,9.392300626132055e-08,1.0
6-digit addition | LoRA,464,0.20000000298023224,0.0,0.20000000298023224,0.00014815479516983032,0.0012457502307370305,1.0
6-digit addition | LoRA,465,1.2000000476837158,1.0,0.20000000298023224,0.0,5.936386049398834e-09,1.0
6-digit addition | LoRA,466,1.0750000476837158,0.875,0.20000000298023224,0.001229352186783217,9.71725845336914,0.0
6-digit addition | LoRA,467,1.2000000476837158,1.0,0.20000000298023224,2.0526349544525146e-06,4.282085137674585e-05,1.0
6-digit addition | LoRA,468,0.20000000298023224,0.0,0.20000000298023224,0.006026190239936113,0.07566341012716293,1.0
6-digit addition | LoRA,469,1.2000000476837158,1.0,0.20000000298023224,0.0,5.67525404449043e-09,1.0
6-digit addition | LoRA,470,1.0750000476837158,0.875,0.20000000298023224,0.008169261738657951,6.897616863250732,0.0
6-digit addition | LoRA,471,1.2000000476837158,1.0,0.20000000298023224,2.1068379282951355e-05,6.294619379332289e-05,1.0
6-digit addition | LoRA,472,0.8250000476837158,0.625,0.20000000298023224,0.00151161290705204,12.314311981201172,0.0
6-digit addition | LoRA,473,1.2000000476837158,1.0,0.20000000298023224,4.666857421398163e-06,9.500163287157193e-05,1.0
6-digit addition | LoRA,474,1.2000000476837158,1.0,0.20000000298023224,2.849847078323364e-07,1.4937684511551197e-07,1.0
6-digit addition | LoRA,475,1.2000000476837158,1.0,0.20000000298023224,4.193612568315075e-07,1.759598671924323e-05,1.0
6-digit addition | LoRA,476,1.2000000476837158,1.0,0.20000000298023224,1.5459954738616943e-07,4.469913619686849e-06,1.0
6-digit addition | LoRA,477,1.2000000476837158,1.0,0.20000000298023224,7.450580596923828e-09,1.7145939779084074e-08,1.0
6-digit addition | LoRA,478,1.2000000476837158,1.0,0.20000000298023224,3.2298266887664795e-06,6.868406785542902e-07,1.0
6-digit addition | LoRA,479,0.45000001788139343,0.25,0.20000000298023224,0.034457188099622726,10.46368408203125,0.0
6-digit addition | LoRA,480,1.2000000476837158,1.0,0.20000000298023224,2.6635825634002686e-07,7.168019237724366e-06,1.0
6-digit addition | LoRA,481,1.0750000476837158,0.875,0.20000000298023224,0.02486579492688179,18.04449462890625,0.0
6-digit addition | LoRA,482,1.2000000476837158,1.0,0.20000000298023224,-3.1931061128531724e-09,2.698529844025188e-09,1.0
6-digit addition | LoRA,483,1.2000000476837158,1.0,0.20000000298023224,2.477318048477173e-07,3.17673567451493e-07,1.0
6-digit addition | LoRA,484,0.9500000476837158,0.75,0.20000000298023224,0.0058348774909973145,7.350252151489258,0.0
6-digit addition | LoRA,485,1.2000000476837158,1.0,0.20000000298023224,1.0643686820799303e-08,7.487426501029404e-08,1.0
6-digit addition | LoRA,486,1.2000000476837158,1.0,0.20000000298023224,1.0896474123001099e-05,1.2589208381541539e-05,1.0
6-digit addition | LoRA,487,1.2000000476837158,1.0,0.20000000298023224,0.0,1.694605566981977e-09,1.0
6-digit addition | LoRA,488,1.2000000476837158,1.0,0.20000000298023224,0.0404032226651907,0.07593059539794922,1.0
6-digit addition | LoRA,489,1.2000000476837158,1.0,0.20000000298023224,4.5320019125938416e-05,4.572232501232065e-05,1.0
6-digit addition | LoRA,490,1.2000000476837158,1.0,0.20000000298023224,6.186775863170624e-05,0.0004909010604023933,1.0
6-digit addition | LoRA,491,1.2000000476837158,1.0,0.20000000298023224,1.0909512639045715e-05,9.264103027817328e-06,1.0
6-digit addition | LoRA,492,0.20000000298023224,0.0,0.20000000298023224,0.007755953818559647,0.06660658121109009,1.0
6-digit addition | LoRA,493,1.2000000476837158,1.0,0.20000000298023224,1.5459954738616943e-07,3.255106548749609e-06,1.0
6-digit addition | LoRA,494,1.2000000476837158,1.0,0.20000000298023224,0.0,2.608550264682208e-09,1.0
6-digit addition | LoRA,495,1.2000000476837158,1.0,0.20000000298023224,5.219131708145142e-06,7.069916318869218e-05,1.0
6-digit addition | LoRA,496,0.20000000298023224,0.0,0.20000000298023224,0.009790560230612755,0.44708096981048584,1.0
6-digit addition | LoRA,497,0.5750000476837158,0.375,0.20000000298023224,0.003815889358520508,5.357614040374756,0.0
6-digit addition | LoRA,498,0.7000000476837158,0.5,0.20000000298023224,0.03444273583590984,10.017705917358398,0.0
6-digit addition | LoRA,499,1.2000000476837158,1.0,0.20000000298023224,0.0,8.071020118904926e-08,1.0
6-digit addition | LoRA,500,1.2000000476837158,1.0,0.20000000298023224,0.00012286007404327393,0.000687809195369482,1.0
2-digit multiplication | LoRA,1,1.2000000476837158,1.0,0.20000000298023224,0.0,0.0,1.0
2-digit multiplication | LoRA,2,1.2000000476837158,1.0,0.20000000298023224,0.0,0.0,1.0
2-digit multiplication | LoRA,3,0.7000000476837158,0.5,0.20000000298023224,0.0,13.917610168457031,0.0
2-digit multiplication | LoRA,4,1.2000000476837158,1.0,0.20000000298023224,-1.4901161415892261e-09,3.620766975132028e-08,1.0
2-digit multiplication | LoRA,5,1.2000000476837158,1.0,0.20000000298023224,6.793439524699352e-06,0.0006334864883683622,1.0
2-digit multiplication | LoRA,6,0.8250000476837158,0.625,0.20000000298023224,0.0006865113973617554,10.615151405334473,0.0
2-digit multiplication | LoRA,7,0.32500001788139343,0.125,0.20000000298023224,0.0023376941680908203,8.793719291687012,0.0
2-digit multiplication | LoRA,8,0.20000000298023224,0.0,0.20000000298023224,0.002222319832071662,0.14805607497692108,1.0
2-digit multiplication | LoRA,9,1.2000000476837158,1.0,0.20000000298023224,-1.862645149230957e-09,7.513114574919655e-09,1.0
2-digit multiplication | LoRA,10,1.2000000476837158,1.0,0.20000000298023224,-7.450580818968433e-09,6.328728829885222e-08,1.0
2-digit multiplication | LoRA,11,1.2000000476837158,1.0,0.20000000298023224,0.0,8.238259852078045e-09,1.0
2-digit multiplication | LoRA,12,1.2000000476837158,1.0,0.20000000298023224,1.1175870895385742e-08,6.979866498113552e-07,1.0
2-digit multiplication | LoRA,13,1.2000000476837158,1.0,0.20000000298023224,2.6822090326561465e-08,4.522840299614472e-06,1.0
2-digit multiplication | LoRA,14,0.7000000476837158,0.5,0.20000000298023224,0.0007127612625481561,23.47857666015625,0.0
2-digit multiplication | LoRA,15,1.2000000476837158,1.0,0.20000000298023224,1.3113022134803032e-06,7.17186921974644e-05,1.0
2-digit multiplication | LoRA,16,1.2000000476837158,1.0,0.20000000298023224,-2.9802322831784522e-09,2.3928670156436738e-09,1.0
2-digit multiplication | LoRA,17,1.2000000476837158,1.0,0.20000000298023224,-4.470348424767678e-09,2.1279198403334476e-09,1.0
2-digit multiplication | LoRA,18,1.2000000476837158,1.0,0.20000000298023224,-9.313225746154785e-09,3.773111600935408e-09,1.0
2-digit multiplication | LoRA,19,0.32500001788139343,0.125,0.20000000298023224,0.0008940860570874065,9.742416381835938,0.0
2-digit multiplication | LoRA,20,1.2000000476837158,1.0,0.20000000298023224,7.5638295129465405e-06,9.328408486908302e-05,1.0
2-digit multiplication | LoRA,21,1.2000000476837158,1.0,0.20000000298023224,-1.862645149230957e-09,7.131070400845374e-09,1.0
2-digit multiplication | LoRA,22,0.7000000476837158,0.5,0.20000000298023224,0.0024986803764477372,36.98764419555664,0.0
2-digit multiplication | LoRA,23,1.2000000476837158,1.0,0.20000000298023224,-1.4901161415892261e-09,8.921378635839972e-10,1.0
2-digit multiplication | LoRA,24,1.2000000476837158,1.0,0.20000000298023224,-2.9802322831784522e-09,4.6533553899053004e-08,1.0
2-digit multiplication | LoRA,25,1.2000000476837158,1.0,0.20000000298023224,0.0,1.2021232898007383e-08,1.0
2-digit multiplication | LoRA,26,1.2000000476837158,1.0,0.20000000298023224,-1.862645149230957e-09,3.95545356468574e-08,1.0
2-digit multiplication | LoRA,27,0.5750000476837158,0.375,0.20000000298023224,0.0008097678364720196,13.72800064086914,0.0
2-digit multiplication | LoRA,28,0.45000001788139343,0.25,0.20000000298023224,0.0020564422011375427,13.387385368347168,0.0
2-digit multiplication | LoRA,29,0.32500001788139343,0.125,0.20000000298023224,0.0005026370199630037,11.049179077148438,0.0
2-digit multiplication | LoRA,30,1.2000000476837158,1.0,0.20000000298023224,0.0,1.4247953927792878e-08,1.0
2-digit multiplication | LoRA,31,1.2000000476837158,1.0,0.20000000298023224,-4.470348424767678e-09,1.1156783585875019e-07,1.0
2-digit multiplication | LoRA,32,1.2000000476837158,1.0,0.20000000298023224,-5.960464677379207e-09,3.0364113001724036e-08,1.0
2-digit multiplication | LoRA,33,1.2000000476837158,1.0,0.20000000298023224,8.553266468425136e-07,2.7999541998724453e-05,1.0
2-digit multiplication | LoRA,34,1.2000000476837158,1.0,0.20000000298023224,4.6491622640587593e-07,4.149714368395507e-05,1.0
2-digit multiplication | LoRA,35,0.7000000476837158,0.5,0.20000000298023224,0.00010417253071182131,14.24113941192627,0.0
2-digit multiplication | LoRA,36,1.0750000476837158,0.875,0.20000000298023224,0.0036491539794951677,20.518085479736328,0.0
2-digit multiplication | LoRA,37,0.8250000476837158,0.625,0.20000000298023224,0.0008831009472487494,11.92841625213623,0.0
2-digit multiplication | LoRA,38,1.2000000476837158,1.0,0.20000000298023224,-1.1175870895385742e-08,2.575042845620601e-09,1.0
2-digit multiplication | LoRA,39,0.32500001788139343,0.125,0.20000000298023224,0.005055567715317011,16.897199630737305,0.0
2-digit multiplication | LoRA,40,1.2000000476837158,1.0,0.20000000298023224,0.0,3.246833912839975e-08,1.0
2-digit multiplication | LoRA,41,1.2000000476837158,1.0,0.20000000298023224,0.0,1.659765480610531e-08,1.0
2-digit multiplication | LoRA,42,1.0750000476837158,0.875,0.20000000298023224,0.00020084976569023638,16.736581802368164,0.0
2-digit multiplication | LoRA,43,0.20000000298023224,0.0,0.20000000298023224,3.0596555006923154e-05,0.0022444629576057196,1.0
2-digit multiplication | LoRA,44,1.2000000476837158,1.0,0.20000000298023224,0.0,7.178018179843093e-09,1.0
2-digit multiplication | LoRA,45,1.2000000476837158,1.0,0.20000000298023224,1.0654330253601074e-06,3.686724812723696e-05,1.0
2-digit multiplication | LoRA,46,1.2000000476837158,1.0,0.20000000298023224,-1.4901161415892261e-09,5.357953796192305e-07,1.0
2-digit multiplication | LoRA,47,0.5750000476837158,0.375,0.20000000298023224,0.0007988408033270389,13.469022750854492,0.0
2-digit multiplication | LoRA,48,0.20000000298023224,0.0,0.20000000298023224,0.0002507701574359089,0.009965036995708942,1.0
2-digit multiplication | LoRA,49,0.7000000476837158,0.5,0.20000000298023224,0.0006546720978803933,10.717490196228027,0.0
2-digit multiplication | LoRA,50,1.2000000476837158,1.0,0.20000000298023224,0.0,6.998107426881006e-09,1.0
2-digit multiplication | LoRA,51,1.2000000476837158,1.0,0.20000000298023224,0.0,2.0642217180011357e-07,1.0
2-digit multiplication | LoRA,52,1.2000000476837158,1.0,0.20000000298023224,4.470348424767678e-09,4.6002179487913963e-07,1.0
2-digit multiplication | LoRA,53,0.20000000298023224,0.0,0.20000000298023224,9.525269342702813e-05,0.005214114207774401,1.0
2-digit multiplication | LoRA,54,1.2000000476837158,1.0,0.20000000298023224,6.40749933111806e-08,2.8820597890444333e-06,1.0
2-digit multiplication | LoRA,55,0.9500000476837158,0.75,0.20000000298023224,0.003852534282486886,22.594228744506836,0.0
2-digit multiplication | LoRA,56,0.9500000476837158,0.75,0.20000000298023224,0.0011416927445679903,8.724685668945312,0.0
2-digit multiplication | LoRA,57,1.2000000476837158,1.0,0.20000000298023224,0.0,2.1915319337040273e-08,1.0
2-digit multiplication | LoRA,58,1.2000000476837158,1.0,0.20000000298023224,0.0,3.0736364564631913e-09,1.0
2-digit multiplication | LoRA,59,1.2000000476837158,1.0,0.20000000298023224,0.0,1.6125121238275142e-09,1.0
2-digit multiplication | LoRA,60,1.2000000476837158,1.0,0.20000000298023224,-1.862645149230957e-09,1.3923694419659682e-09,1.0
2-digit multiplication | LoRA,61,1.2000000476837158,1.0,0.20000000298023224,1.3664365212662233e-06,7.581403770018369e-05,1.0
2-digit multiplication | LoRA,62,1.2000000476837158,1.0,0.20000000298023224,7.301568771822531e-08,6.724425929860445e-06,1.0
2-digit multiplication | LoRA,63,0.9500000476837158,0.75,0.20000000298023224,0.0007702634029556066,13.137487411499023,0.0
2-digit multiplication | LoRA,64,0.20000000298023224,0.0,0.20000000298023224,0.023896952159702778,0.3957786560058594,1.0
2-digit multiplication | LoRA,65,0.20000000298023224,0.0,0.20000000298023224,1.1935830116271973e-05,0.00015760475071147084,1.0
2-digit multiplication | LoRA,66,0.32500001788139343,0.125,0.20000000298023224,0.03494482301175594,19.475744247436523,0.0
2-digit multiplication | LoRA,67,1.2000000476837158,1.0,0.20000000298023224,0.0004069224087288603,0.011749635450541973,1.0
2-digit multiplication | LoRA,68,0.32500001788139343,0.125,0.20000000298023224,0.002614194105262868,14.26932430267334,0.0
2-digit multiplication | LoRA,69,1.2000000476837158,1.0,0.20000000298023224,-1.4901161415892261e-09,1.695290450243192e-07,1.0
2-digit multiplication | LoRA,70,1.2000000476837158,1.0,0.20000000298023224,0.01364834327250719,0.5472751259803772,1.0
2-digit multiplication | LoRA,71,1.2000000476837158,1.0,0.20000000298023224,0.000673466915031895,0.02991136722266674,1.0
2-digit multiplication | LoRA,72,0.45000001788139343,0.25,0.20000000298023224,0.009278252488002181,8.18121337890625,0.0
2-digit multiplication | LoRA,73,1.2000000476837158,1.0,0.20000000298023224,0.0,6.205841884820984e-08,1.0
2-digit multiplication | LoRA,74,1.1750000715255737,1.0,0.17500001192092896,5.623873585136607e-05,5.767964839935303,0.0
2-digit multiplication | LoRA,75,0.42500001192092896,0.25,0.17500001192092896,0.013800191227346659,13.621493339538574,0.0
2-digit multiplication | LoRA,76,1.0750000476837158,0.875,0.20000000298023224,0.110421322286129,18.89882469177246,0.0
2-digit multiplication | LoRA,77,1.2000000476837158,1.0,0.20000000298023224,5.960464477539063e-08,3.096742375419126e-06,1.0
2-digit multiplication | LoRA,78,1.2000000476837158,1.0,0.20000000298023224,0.0022852838737890124,0.027487630024552345,1.0
2-digit multiplication | LoRA,79,1.2000000476837158,1.0,0.20000000298023224,4.583597046803334e-06,0.00028212193865329027,1.0
2-digit multiplication | LoRA,80,0.949999988079071,0.875,0.07500000298023224,0.009282566141337156,7.298108100891113,0.0
2-digit multiplication | LoRA,81,1.2000000476837158,1.0,0.20000000298023224,0.0001274511232622899,0.00257768458686769,1.0
2-digit multiplication | LoRA,82,1.0750000476837158,0.875,0.20000000298023224,0.0011065405096815084,13.169289588928223,0.0
2-digit multiplication | LoRA,83,1.2000000476837158,1.0,0.20000000298023224,3.725290298461914e-09,6.697369059338598e-08,1.0
2-digit multiplication | LoRA,84,1.2000000476837158,1.0,0.20000000298023224,0.0024392276536673307,0.02581762708723545,1.0
2-digit multiplication | LoRA,85,0.20000000298023224,0.0,0.20000000298023224,0.003713191021233797,0.22222326695919037,1.0
2-digit multiplication | LoRA,86,1.2000000476837158,1.0,0.20000000298023224,0.0,3.809202198112871e-08,1.0
2-digit multiplication | LoRA,87,1.2000000476837158,1.0,0.20000000298023224,-5.9604645663569045e-09,7.019601344637749e-09,1.0
2-digit multiplication | LoRA,88,0.7000000476837158,0.5,0.20000000298023224,0.002269754884764552,48.181575775146484,0.0
2-digit multiplication | LoRA,89,0.20000000298023224,0.0,0.20000000298023224,0.018218698911368847,0.22926872968673706,1.0
2-digit multiplication | LoRA,90,1.2000000476837158,1.0,0.20000000298023224,3.8743019459275274e-08,1.0740399147834978e-07,1.0
2-digit multiplication | LoRA,91,0.20000000298023224,0.0,0.20000000298023224,0.007093265652656555,0.07099571079015732,1.0
2-digit multiplication | LoRA,92,1.2000000476837158,1.0,0.20000000298023224,3.278255533700758e-08,7.732103313173866e-08,1.0
2-digit multiplication | LoRA,93,0.32500001788139343,0.125,0.20000000298023224,0.026152187027037144,12.73078727722168,0.0
2-digit multiplication | LoRA,94,1.2000000476837158,1.0,0.20000000298023224,4.161149263381958e-06,5.11834377903142e-06,1.0
2-digit multiplication | LoRA,95,0.20000000298023224,0.0,0.20000000298023224,0.04261045716702938,0.2965072691440582,1.0
2-digit multiplication | LoRA,96,1.2000000476837158,1.0,0.20000000298023224,3.8743019459275274e-08,1.1592054249831563e-07,1.0
2-digit multiplication | LoRA,97,1.2000000476837158,1.0,0.20000000298023224,0.0,4.7562110694343573e-08,1.0
2-digit multiplication | LoRA,98,0.20000000298023224,0.0,0.20000000298023224,0.00740547152236104,0.08910398930311203,1.0
2-digit multiplication | LoRA,99,0.20000000298023224,0.0,0.20000000298023224,8.422136670560576e-05,0.00332413031719625,1.0
2-digit multiplication | LoRA,100,1.2000000476837158,1.0,0.20000000298023224,1.6391277002369975e-08,4.372639068606077e-07,1.0
2-digit multiplication | LoRA,101,1.2000000476837158,1.0,0.20000000298023224,7.733702602763515e-07,1.1140780770801939e-05,1.0
2-digit multiplication | LoRA,102,1.0750000476837158,0.875,0.20000000298023224,0.006278641289100051,13.139967918395996,0.0
2-digit multiplication | LoRA,103,0.20000000298023224,0.0,0.20000000298023224,0.010177672287682071,0.10672847181558609,1.0
2-digit multiplication | LoRA,104,1.0750000476837158,0.875,0.20000000298023224,0.1036631427705288,18.84043312072754,0.0
2-digit multiplication | LoRA,105,1.2000000476837158,1.0,0.20000000298023224,3.2186507326059655e-07,8.272537343145814e-06,1.0
2-digit multiplication | LoRA,106,1.2000000476837158,1.0,0.20000000298023224,3.8743019459275274e-08,7.24095841064809e-08,1.0
2-digit multiplication | LoRA,107,1.2000000476837158,1.0,0.20000000298023224,4.7683716530855236e-08,1.3842078772086097e-07,1.0
2-digit multiplication | LoRA,108,1.2000000476837158,1.0,0.20000000298023224,-1.862645149230957e-09,1.8549867419892507e-08,1.0
2-digit multiplication | LoRA,109,1.2000000476837158,1.0,0.20000000298023224,0.0,2.0555521018650325e-07,1.0
2-digit multiplication | LoRA,110,1.2000000476837158,1.0,0.20000000298023224,8.940697071579962e-09,3.626451317018109e-08,1.0
2-digit multiplication | LoRA,111,0.9500000476837158,0.75,0.20000000298023224,0.005259793950244784,11.164868354797363,0.0
2-digit multiplication | LoRA,112,1.2000000476837158,1.0,0.20000000298023224,2.6285648345947266e-05,0.0002044535067398101,1.0
2-digit multiplication | LoRA,113,1.2000000476837158,1.0,0.20000000298023224,7.450580596923828e-09,2.9053021322056338e-08,1.0
2-digit multiplication | LoRA,114,1.2000000476837158,1.0,0.20000000298023224,0.00017821043729782104,0.004857486579567194,1.0
2-digit multiplication | LoRA,115,1.2000000476837158,1.0,0.20000000298023224,2.60770320892334e-08,6.156108156574192e-08,1.0
2-digit multiplication | LoRA,116,0.20000000298023224,0.0,0.20000000298023224,0.1472310870885849,0.9065733551979065,1.0
2-digit multiplication | LoRA,117,1.2000000476837158,1.0,0.20000000298023224,8.276104927062988e-05,0.0007248903275467455,1.0
2-digit multiplication | LoRA,118,1.2000000476837158,1.0,0.20000000298023224,0.00031526088423561305,0.014452568255364895,1.0
2-digit multiplication | LoRA,119,1.2000000476837158,1.0,0.20000000298023224,8.940696849535357e-09,3.8508435551420916e-08,1.0
2-digit multiplication | LoRA,120,1.2000000476837158,1.0,0.20000000298023224,4.172325240858754e-08,6.490748205578711e-08,1.0
2-digit multiplication | LoRA,121,1.2000000476837158,1.0,0.20000000298023224,0.01621447503566742,0.09693214297294617,1.0
2-digit multiplication | LoRA,122,0.7000000476837158,0.5,0.20000000298023224,0.01879502972587943,8.617552757263184,0.0
2-digit multiplication | LoRA,123,1.2000000476837158,1.0,0.20000000298023224,5.960464477539062e-07,2.4366536877096223e-07,1.0
2-digit multiplication | LoRA,124,0.5750000476837158,0.375,0.20000000298023224,0.2841392159461975,12.380748748779297,0.0
2-digit multiplication | LoRA,125,1.2000000476837158,1.0,0.20000000298023224,1.3411044941236128e-08,1.4391132197033585e-07,1.0
2-digit multiplication | LoRA,126,1.2000000476837158,1.0,0.20000000298023224,0.12569714337587357,0.9370850324630737,1.0
2-digit multiplication | LoRA,127,1.0750000476837158,0.875,0.20000000298023224,0.012922147056087852,14.199505805969238,0.0
2-digit multiplication | LoRA,128,1.2000000476837158,1.0,0.20000000298023224,2.086162620429377e-08,5.802183267178407e-08,1.0
2-digit multiplication | LoRA,129,1.2000000476837158,1.0,0.20000000298023224,5.960464477539063e-08,1.294673808160951e-07,1.0
2-digit multiplication | LoRA,130,1.2000000476837158,1.0,0.20000000298023224,1.1175870895385742e-08,3.390040603790112e-08,1.0
2-digit multiplication | LoRA,131,1.2000000476837158,1.0,0.20000000298023224,3.4317374684178503e-06,3.595875023165718e-05,1.0
2-digit multiplication | LoRA,132,1.2000000476837158,1.0,0.20000000298023224,9.500980468146736e-06,9.00740415090695e-05,1.0
2-digit multiplication | LoRA,133,0.8250000476837158,0.625,0.20000000298023224,0.15921292081475258,28.88991355895996,0.0
2-digit multiplication | LoRA,134,1.2000000476837158,1.0,0.20000000298023224,0.006602023495361209,0.03616984188556671,1.0
2-digit multiplication | LoRA,135,1.2000000476837158,1.0,0.20000000298023224,3.3527612686157227e-08,7.49409707623272e-08,1.0
2-digit multiplication | LoRA,136,1.2000000476837158,1.0,0.20000000298023224,7.414817901008064e-06,6.418041448341683e-05,1.0
2-digit multiplication | LoRA,137,1.2000000476837158,1.0,0.20000000298023224,1.0445713769513532e-06,4.189508035778999e-05,1.0
2-digit multiplication | LoRA,138,0.20000000298023224,0.0,0.20000000298023224,0.01706764381378889,0.249751478433609,1.0
2-digit multiplication | LoRA,139,0.20000000298023224,0.0,0.20000000298023224,0.013547691516578197,0.06473331898450851,1.0
2-digit multiplication | LoRA,140,0.5750000476837158,0.375,0.20000000298023224,0.0008881240937625989,15.256943702697754,0.0
2-digit multiplication | LoRA,141,0.32500001788139343,0.125,0.20000000298023224,0.21519944816827774,15.951092720031738,0.0
2-digit multiplication | LoRA,142,0.20000000298023224,0.0,0.20000000298023224,0.009887720632832497,0.09146919846534729,1.0
2-digit multiplication | LoRA,143,0.20000000298023224,0.0,0.20000000298023224,0.02025000751018524,0.4951183497905731,1.0
2-digit multiplication | LoRA,144,0.20000000298023224,0.0,0.20000000298023224,0.010670103132724762,0.3064027428627014,1.0
2-digit multiplication | LoRA,145,0.20000000298023224,0.0,0.20000000298023224,0.0007122605802578619,0.047811321914196014,1.0
2-digit multiplication | LoRA,146,1.2000000476837158,1.0,0.20000000298023224,1.4543533097821637e-06,2.5501778509351425e-05,1.0
2-digit multiplication | LoRA,147,0.20000000298023224,0.0,0.20000000298023224,0.3051896393299103,0.8036469221115112,1.0
2-digit multiplication | LoRA,148,1.2000000476837158,1.0,0.20000000298023224,0.0,1.506007123452946e-07,1.0
2-digit multiplication | LoRA,149,0.7000000476837158,0.5,0.20000000298023224,0.03597726486623287,8.18715763092041,0.0
2-digit multiplication | LoRA,150,1.2000000476837158,1.0,0.20000000298023224,3.2335519790649414e-05,1.1064872524002567e-05,1.0
2-digit multiplication | LoRA,151,1.2000000476837158,1.0,0.20000000298023224,1.6689300963435016e-07,6.31868942946312e-07,1.0
2-digit multiplication | LoRA,152,1.2000000476837158,1.0,0.20000000298023224,3.8743019459275274e-08,7.767052778717698e-08,1.0
2-digit multiplication | LoRA,153,1.2000000476837158,1.0,0.20000000298023224,-7.450580818968433e-09,5.489922960677518e-10,1.0
2-digit multiplication | LoRA,154,0.9500000476837158,0.75,0.20000000298023224,0.04960418678820133,10.431350708007812,0.0
2-digit multiplication | LoRA,155,1.2000000476837158,1.0,0.20000000298023224,2.944469451904297e-05,8.976313256425783e-05,1.0
2-digit multiplication | LoRA,156,1.2000000476837158,1.0,0.20000000298023224,7.152557301992601e-08,2.1026512797561736e-07,1.0
2-digit multiplication | LoRA,157,1.2000000476837158,1.0,0.20000000298023224,7.450580596923828e-09,5.080001841406556e-08,1.0
2-digit multiplication | LoRA,158,1.2000000476837158,1.0,0.20000000298023224,1.341104507446289e-07,5.237598088569939e-07,1.0
2-digit multiplication | LoRA,159,0.20000000298023224,0.0,0.20000000298023224,0.03574050031602383,0.12264683842658997,1.0
2-digit multiplication | LoRA,160,1.2000000476837158,1.0,0.20000000298023224,2.086162576020456e-08,9.429421083950729e-07,1.0
2-digit multiplication | LoRA,161,1.2000000476837158,1.0,0.20000000298023224,1.7881394143159923e-08,3.123624026102334e-08,1.0
2-digit multiplication | LoRA,162,1.2000000476837158,1.0,0.20000000298023224,0.0,2.826413592060817e-08,1.0
2-digit multiplication | LoRA,163,1.2000000476837158,1.0,0.20000000298023224,1.8388032572147495e-06,3.6636203731177375e-05,1.0
2-digit multiplication | LoRA,164,1.2000000476837158,1.0,0.20000000298023224,0.0018897235277108848,0.0011814902536571026,1.0
2-digit multiplication | LoRA,165,0.20000000298023224,0.0,0.20000000298023224,0.056343918295169715,0.23807349801063538,1.0
2-digit multiplication | LoRA,166,1.0750000476837158,0.875,0.20000000298023224,0.10446628928184509,28.82395362854004,0.0
2-digit multiplication | LoRA,167,0.20000000298023224,0.0,0.20000000298023224,0.008274957352114143,0.07269439846277237,1.0
2-digit multiplication | LoRA,168,1.2000000476837158,1.0,0.20000000298023224,3.5762788286319847e-08,1.49322005427166e-07,1.0
2-digit multiplication | LoRA,169,1.2000000476837158,1.0,0.20000000298023224,3.8743019459275274e-08,7.521799005871799e-08,1.0
2-digit multiplication | LoRA,170,0.8250000476837158,0.625,0.20000000298023224,0.017785020638257265,12.690526008605957,0.0
2-digit multiplication | LoRA,171,1.2000000476837158,1.0,0.20000000298023224,2.9802322387695312e-08,3.5170241972082295e-06,1.0
2-digit multiplication | LoRA,172,1.2000000476837158,1.0,0.20000000298023224,0.014244313817471266,0.023158859461545944,1.0
2-digit multiplication | LoRA,173,1.2000000476837158,1.0,0.20000000298023224,0.0,3.382600510803968e-08,1.0
2-digit multiplication | LoRA,174,1.2000000476837158,1.0,0.20000000298023224,3.8743019459275274e-08,1.9866570255544502e-06,1.0
2-digit multiplication | LoRA,175,1.2000000476837158,1.0,0.20000000298023224,2.1979212760925293e-07,1.694607453828212e-05,1.0
2-digit multiplication | LoRA,176,0.20000000298023224,0.0,0.20000000298023224,0.00570059719029814,0.12953992187976837,1.0
2-digit multiplication | LoRA,177,1.2000000476837158,1.0,0.20000000298023224,2.086162620429377e-08,7.059667694875316e-08,1.0
2-digit multiplication | LoRA,178,1.2000000476837158,1.0,0.20000000298023224,2.9802322387695312e-08,6.095830684671455e-08,1.0
2-digit multiplication | LoRA,179,1.0750000476837158,0.875,0.20000000298023224,0.0007346630212907712,10.95401668548584,0.0
2-digit multiplication | LoRA,180,0.20000000298023224,0.0,0.20000000298023224,0.0825466625392437,0.6987640261650085,1.0
2-digit multiplication | LoRA,181,0.5750000476837158,0.375,0.20000000298023224,0.0253097265958786,31.758867263793945,0.0
2-digit multiplication | LoRA,182,1.2000000476837158,1.0,0.20000000298023224,0.0,1.1299595925606809e-08,1.0
2-digit multiplication | LoRA,183,0.20000000298023224,0.0,0.20000000298023224,0.027996856719255447,0.38628089427948,1.0
2-digit multiplication | LoRA,184,0.5750000476837158,0.375,0.20000000298023224,0.001699599641142413,8.255412101745605,0.0
2-digit multiplication | LoRA,185,1.2000000476837158,1.0,0.20000000298023224,4.7683716530855236e-08,1.2850782127316052e-07,1.0
2-digit multiplication | LoRA,186,0.9500000476837158,0.75,0.20000000298023224,0.03226869646459818,20.68935203552246,0.0
2-digit multiplication | LoRA,187,0.20000000298023224,0.0,0.20000000298023224,0.05735241249203682,0.3532600700855255,1.0
2-digit multiplication | LoRA,188,1.2000000476837158,1.0,0.20000000298023224,0.014598962850868702,0.14592303335666656,1.0
2-digit multiplication | LoRA,189,1.2000000476837158,1.0,0.20000000298023224,6.332993507385254e-08,1.958095708687324e-06,1.0
2-digit multiplication | LoRA,190,1.2000000476837158,1.0,0.20000000298023224,1.0997056847372733e-06,4.040472776978277e-05,1.0
2-digit multiplication | LoRA,191,1.2000000476837158,1.0,0.20000000298023224,8.195638656616211e-08,3.8846192751407216e-07,1.0
2-digit multiplication | LoRA,192,0.20000000298023224,0.0,0.20000000298023224,0.017190614715218544,0.20177234709262848,1.0
2-digit multiplication | LoRA,193,0.20000000298023224,0.0,0.20000000298023224,0.019401406403630972,0.48015886545181274,1.0
2-digit multiplication | LoRA,194,0.45000001788139343,0.25,0.20000000298023224,0.027560259215533733,24.289709091186523,0.0
2-digit multiplication | LoRA,195,1.2000000476837158,1.0,0.20000000298023224,0.0,1.3177709945466631e-07,1.0
2-digit multiplication | LoRA,196,1.0750000476837158,0.875,0.20000000298023224,0.09486940130591393,28.384723663330078,0.0
2-digit multiplication | LoRA,197,0.45000001788139343,0.25,0.20000000298023224,0.018255943432450294,12.211143493652344,0.0
2-digit multiplication | LoRA,198,0.9500000476837158,0.75,0.20000000298023224,0.03344133944483474,13.983224868774414,0.0
2-digit multiplication | LoRA,199,1.2000000476837158,1.0,0.20000000298023224,-1.1175870895385742e-08,3.301478912476341e-08,1.0
2-digit multiplication | LoRA,200,0.45000001788139343,0.25,0.20000000298023224,0.015642050188034773,28.213546752929688,0.0
2-digit multiplication | LoRA,201,0.32500001788139343,0.125,0.20000000298023224,0.0025843382318271324,8.378421783447266,0.0
2-digit multiplication | LoRA,202,0.8250000476837158,0.625,0.20000000298023224,0.005070789164165035,23.732336044311523,0.0
2-digit multiplication | LoRA,203,1.2000000476837158,1.0,0.20000000298023224,3.5762788286319847e-08,1.3252892472337408e-07,1.0
2-digit multiplication | LoRA,204,0.20000000298023224,0.0,0.20000000298023224,0.08168611861765385,0.5641109943389893,1.0
2-digit multiplication | LoRA,205,0.20000000298023224,0.0,0.20000000298023224,0.010115769226104021,0.11804454773664474,1.0
2-digit multiplication | LoRA,206,0.20000000298023224,0.0,0.20000000298023224,0.0007376641005976126,0.01627879962325096,1.0
2-digit multiplication | LoRA,207,1.2000000476837158,1.0,0.20000000298023224,0.0,2.0040511472529943e-08,1.0
2-digit multiplication | LoRA,208,0.5750000476837158,0.375,0.20000000298023224,0.016069583129137754,12.559120178222656,0.0
2-digit multiplication | LoRA,209,0.32500001788139343,0.125,0.20000000298023224,0.026868478395044804,5.824622631072998,0.0
2-digit multiplication | LoRA,210,1.2000000476837158,1.0,0.20000000298023224,1.1920929132713809e-08,5.0589452627036735e-08,1.0
2-digit multiplication | LoRA,211,1.2000000476837158,1.0,0.20000000298023224,0.0,1.903180724127651e-08,1.0
2-digit multiplication | LoRA,212,1.2000000476837158,1.0,0.20000000298023224,-1.862645149230957e-09,5.4033115759466455e-09,1.0
2-digit multiplication | LoRA,213,1.2000000476837158,1.0,0.20000000298023224,1.3709067747669224e-07,6.040829248377122e-06,1.0
2-digit multiplication | LoRA,214,1.2000000476837158,1.0,0.20000000298023224,0.0,4.662909169894647e-09,1.0
2-digit multiplication | LoRA,215,1.2000000476837158,1.0,0.20000000298023224,-7.45058070794613e-09,2.3434917295617197e-07,1.0
2-digit multiplication | LoRA,216,1.2000000476837158,1.0,0.20000000298023224,-4.470348424767678e-09,2.152987654824301e-08,1.0
2-digit multiplication | LoRA,217,0.20000000298023224,0.0,0.20000000298023224,0.0660737194120884,0.5305857062339783,1.0
2-digit multiplication | LoRA,218,0.7000000476837158,0.5,0.20000000298023224,0.2887060344219208,14.696024894714355,0.0
2-digit multiplication | LoRA,219,1.2000000476837158,1.0,0.20000000298023224,0.0003259718359913677,0.0018187195528298616,1.0
2-digit multiplication | LoRA,220,1.2000000476837158,1.0,0.20000000298023224,1.4901161193847656e-08,6.844916100590126e-08,1.0
2-digit multiplication | LoRA,221,1.2000000476837158,1.0,0.20000000298023224,5.710125151381362e-06,0.00015015476674307138,1.0
2-digit multiplication | LoRA,222,0.20000000298023224,0.0,0.20000000298023224,0.17638015747070312,0.6904215812683105,1.0
2-digit multiplication | LoRA,223,1.2000000476837158,1.0,0.20000000298023224,0.0,3.6645005252466945e-08,1.0
2-digit multiplication | LoRA,224,1.2000000476837158,1.0,0.20000000298023224,0.15778694301843643,0.44183099269866943,1.0
2-digit multiplication | LoRA,225,0.20000000298023224,0.0,0.20000000298023224,0.1147686019539833,0.5609095096588135,1.0
2-digit multiplication | LoRA,226,1.0750000476837158,0.875,0.20000000298023224,0.029080381616950035,12.902739524841309,0.0
2-digit multiplication | LoRA,227,1.2000000476837158,1.0,0.20000000298023224,1.589357907505473e-05,8.211553358705714e-05,1.0
2-digit multiplication | LoRA,228,0.45000001788139343,0.25,0.20000000298023224,0.008509382605552673,14.702442169189453,0.0
2-digit multiplication | LoRA,229,0.20000000298023224,0.0,0.20000000298023224,0.33018118143081665,0.3036181926727295,1.0
2-digit multiplication | LoRA,230,1.2000000476837158,1.0,0.20000000298023224,1.4901161193847656e-08,1.0991188759135184e-07,1.0
2-digit multiplication | LoRA,231,1.2000000476837158,1.0,0.20000000298023224,6.124377165406258e-07,1.4636491869168822e-05,1.0
2-digit multiplication | LoRA,232,0.20000000298023224,0.0,0.20000000298023224,0.014186924323439598,0.17499783635139465,1.0
2-digit multiplication | LoRA,233,0.20000000298023224,0.0,0.20000000298023224,0.013137885835021734,0.14585474133491516,1.0
2-digit multiplication | LoRA,234,0.5750000476837158,0.375,0.20000000298023224,0.008923509623855352,7.925456523895264,0.0
2-digit multiplication | LoRA,235,1.2000000476837158,1.0,0.20000000298023224,-7.450580818968433e-09,1.6423213011762527e-08,1.0
2-digit multiplication | LoRA,236,0.9500000476837158,0.75,0.20000000298023224,0.04452718235552311,18.437217712402344,0.0
2-digit multiplication | LoRA,237,1.2000000476837158,1.0,0.20000000298023224,3.637671579781454e-05,3.872740489896387e-05,1.0
2-digit multiplication | LoRA,238,1.2000000476837158,1.0,0.20000000298023224,5.9604645663569045e-09,5.6955133942437897e-08,1.0
2-digit multiplication | LoRA,239,1.2000000476837158,1.0,0.20000000298023224,1.1175870540114374e-07,5.944292524873163e-07,1.0
2-digit multiplication | LoRA,240,1.2000000476837158,1.0,0.20000000298023224,3.278255356065074e-08,8.510054527732791e-08,1.0
2-digit multiplication | LoRA,241,0.9500000476837158,0.75,0.20000000298023224,0.03193768300116062,9.012681007385254,0.0
2-digit multiplication | LoRA,242,1.2000000476837158,1.0,0.20000000298023224,9.23872001123982e-08,1.9373248960619094e-06,1.0
2-digit multiplication | LoRA,243,1.2000000476837158,1.0,0.20000000298023224,0.0005121201393194497,0.014740447513759136,1.0
2-digit multiplication | LoRA,244,1.2000000476837158,1.0,0.20000000298023224,1.0728835775353218e-07,2.500688879081281e-06,1.0
2-digit multiplication | LoRA,245,0.32500001788139343,0.125,0.20000000298023224,0.0497344546020031,7.953670978546143,0.0
2-digit multiplication | LoRA,246,1.2000000476837158,1.0,0.20000000298023224,0.0,2.1605419675552184e-08,1.0
2-digit multiplication | LoRA,247,0.20000000298023224,0.0,0.20000000298023224,0.20887545496225357,0.24987585842609406,1.0
2-digit multiplication | LoRA,248,1.2000000476837158,1.0,0.20000000298023224,-1.4901161415892261e-09,4.299732125900846e-09,1.0
2-digit multiplication | LoRA,249,1.2000000476837158,1.0,0.20000000298023224,-1.1920929132713809e-08,3.321678576639897e-08,1.0
2-digit multiplication | LoRA,250,1.2000000476837158,1.0,0.20000000298023224,2.9802322387695312e-08,1.856116398357699e-07,1.0
2-digit multiplication | LoRA,251,0.32500001788139343,0.125,0.20000000298023224,0.0005006104765925556,10.478672981262207,0.0
2-digit multiplication | LoRA,252,1.2000000476837158,1.0,0.20000000298023224,6.705522537231445e-08,3.0262171435424534e-07,1.0
2-digit multiplication | LoRA,253,1.0750000476837158,0.875,0.20000000298023224,0.05214296351186931,12.828413963317871,0.0
2-digit multiplication | LoRA,254,1.0750000476837158,0.875,0.20000000298023224,0.0330514952656813,19.36124610900879,0.0
2-digit multiplication | LoRA,255,1.2000000476837158,1.0,0.20000000298023224,2.9802322831784522e-09,4.091949890039359e-08,1.0
2-digit multiplication | LoRA,256,1.2000000476837158,1.0,0.20000000298023224,0.006942020729184151,0.0008419471560046077,1.0
2-digit multiplication | LoRA,257,1.2000000476837158,1.0,0.20000000298023224,4.7683716530855236e-08,2.2637979668616026e-07,1.0
2-digit multiplication | LoRA,258,0.20000000298023224,0.0,0.20000000298023224,0.2607197016477585,0.7563061118125916,1.0
2-digit multiplication | LoRA,259,0.32500001788139343,0.125,0.20000000298023224,0.07661985233426094,7.907018184661865,0.0
2-digit multiplication | LoRA,260,1.2000000476837158,1.0,0.20000000298023224,0.0003439560532569885,0.0018723580287769437,1.0
2-digit multiplication | LoRA,261,0.20000000298023224,0.0,0.20000000298023224,0.4581095725297928,0.8085189461708069,1.0
2-digit multiplication | LoRA,262,0.20000000298023224,0.0,0.20000000298023224,4.5090912408340955e-06,0.0002536770480219275,1.0
2-digit multiplication | LoRA,263,0.20000000298023224,0.0,0.20000000298023224,0.1857239454984665,0.3339790999889374,1.0
2-digit multiplication | LoRA,264,0.20000000298023224,0.0,0.20000000298023224,0.012471073772758245,0.11383718252182007,1.0
2-digit multiplication | LoRA,265,1.2000000476837158,1.0,0.20000000298023224,9.834766601102274e-08,3.8319896589200653e-07,1.0
2-digit multiplication | LoRA,266,1.2000000476837158,1.0,0.20000000298023224,3.8743019459275274e-08,1.2798925297374808e-07,1.0
2-digit multiplication | LoRA,267,1.2000000476837158,1.0,0.20000000298023224,2.3841858265427618e-08,8.590382094553206e-08,1.0
2-digit multiplication | LoRA,268,0.45000001788139343,0.25,0.20000000298023224,0.034651026129722595,6.025627613067627,0.0
2-digit multiplication | LoRA,269,0.5750000476837158,0.375,0.20000000298023224,0.0236579030752182,9.978471755981445,0.0
2-digit multiplication | LoRA,270,0.32500001788139343,0.125,0.20000000298023224,0.11502696573734283,6.497459888458252,0.0
2-digit multiplication | LoRA,271,0.20000000298023224,0.0,0.20000000298023224,0.4601139724254608,0.6241801381111145,1.0
2-digit multiplication | LoRA,272,1.2000000476837158,1.0,0.20000000298023224,0.00019347816123627126,0.0005200766609050333,1.0
2-digit multiplication | LoRA,273,1.2000000476837158,1.0,0.20000000298023224,0.0,2.2025993473562266e-08,1.0
2-digit multiplication | LoRA,274,1.2000000476837158,1.0,0.20000000298023224,3.278255533700758e-08,6.309613098665068e-08,1.0
2-digit multiplication | LoRA,275,1.2000000476837158,1.0,0.20000000298023224,0.0,5.357703258823676e-08,1.0
2-digit multiplication | LoRA,276,1.2000000476837158,1.0,0.20000000298023224,1.5169381981650076e-06,1.089762372430414e-05,1.0
2-digit multiplication | LoRA,277,1.2000000476837158,1.0,0.20000000298023224,0.0,2.6203132108548743e-08,1.0
2-digit multiplication | LoRA,278,1.2000000476837158,1.0,0.20000000298023224,0.0,9.502777942316243e-08,1.0
2-digit multiplication | LoRA,279,0.5750000476837158,0.375,0.20000000298023224,0.04007981717586517,15.309942245483398,0.0
2-digit multiplication | LoRA,280,0.20000000298023224,0.0,0.20000000298023224,0.20393165200948715,1.779895544052124,1.0
2-digit multiplication | LoRA,281,1.0750000476837158,0.875,0.20000000298023224,0.3808865398168564,7.075723171234131,0.0
2-digit multiplication | LoRA,282,1.2000000476837158,1.0,0.20000000298023224,0.11524607613682747,0.15140461921691895,1.0
2-digit multiplication | LoRA,283,1.2000000476837158,1.0,0.20000000298023224,4.699826376963756e-06,9.898319694912061e-05,1.0
2-digit multiplication | LoRA,284,1.2000000476837158,1.0,0.20000000298023224,2.8640031359827844e-06,4.056690522702411e-05,1.0
2-digit multiplication | LoRA,285,1.2000000476837158,1.0,0.20000000298023224,0.00017277300503337756,0.000133759414893575,1.0
2-digit multiplication | LoRA,286,0.32500001788139343,0.125,0.20000000298023224,0.024261631071567535,9.058813095092773,0.0
2-digit multiplication | LoRA,287,1.2000000476837158,1.0,0.20000000298023224,1.0728836130624586e-07,2.6801665171660716e-06,1.0
2-digit multiplication | LoRA,288,0.32500001788139343,0.125,0.20000000298023224,0.07023417763411999,14.681230545043945,0.0
2-digit multiplication | LoRA,289,1.2000000476837158,1.0,0.20000000298023224,0.06138300336897373,0.13849295675754547,1.0
2-digit multiplication | LoRA,290,1.2000000476837158,1.0,0.20000000298023224,1.862645149230957e-07,7.377666833008334e-08,1.0
2-digit multiplication | LoRA,291,1.2000000476837158,1.0,0.20000000298023224,8.195638656616211e-08,8.579316954637761e-07,1.0
2-digit multiplication | LoRA,292,0.45000001788139343,0.25,0.20000000298023224,0.0073364407871849835,11.250556945800781,0.0
2-digit multiplication | LoRA,293,0.20000000298023224,0.0,0.20000000298023224,0.10615731030702591,0.32747912406921387,1.0
2-digit multiplication | LoRA,294,0.8250000476837158,0.625,0.20000000298023224,0.03044936154037714,13.590950012207031,0.0
2-digit multiplication | LoRA,295,1.2000000476837158,1.0,0.20000000298023224,0.0,3.832055028851755e-08,1.0
2-digit multiplication | LoRA,296,1.2000000476837158,1.0,0.20000000298023224,4.172325240858754e-08,1.0767668356947979e-07,1.0
2-digit multiplication | LoRA,297,1.0750000476837158,0.875,0.20000000298023224,0.0455113910138607,16.232830047607422,0.0
2-digit multiplication | LoRA,298,0.5500000715255737,0.375,0.17500001192092896,0.03365303250029683,6.134428977966309,0.0
2-digit multiplication | LoRA,299,1.2000000476837158,1.0,0.20000000298023224,-1.1175870895385742e-08,4.716727275422272e-08,1.0
2-digit multiplication | LoRA,300,1.0750000476837158,0.875,0.20000000298023224,0.012249254807102261,9.776180267333984,0.0
2-digit multiplication | LoRA,301,0.20000000298023224,0.0,0.20000000298023224,0.2670779749751091,0.8688273429870605,1.0
2-digit multiplication | LoRA,302,0.20000000298023224,0.0,0.20000000298023224,2.0328909158706665e-05,0.00048284439253620803,1.0
2-digit multiplication | LoRA,303,1.2000000476837158,1.0,0.20000000298023224,1.405179546054569e-06,3.0815494937996846e-06,1.0
2-digit multiplication | LoRA,304,0.7000000476837158,0.5,0.20000000298023224,0.06709368340671062,19.961769104003906,0.0
2-digit multiplication | LoRA,305,0.45000001788139343,0.25,0.20000000298023224,0.040840158239006996,7.419400691986084,0.0
2-digit multiplication | LoRA,306,0.8250000476837158,0.625,0.20000000298023224,0.011042070109397173,17.207170486450195,0.0
2-digit multiplication | LoRA,307,0.20000000298023224,0.0,0.20000000298023224,0.013432756997644901,0.08307503163814545,1.0
2-digit multiplication | LoRA,308,1.0750000476837158,0.875,0.20000000298023224,0.18076400156132877,12.61202335357666,0.0
2-digit multiplication | LoRA,309,1.2000000476837158,1.0,0.20000000298023224,5.9604645663569045e-09,4.396844843768122e-08,1.0
2-digit multiplication | LoRA,310,0.32500001788139343,0.125,0.20000000298023224,0.009959435556083918,10.799491882324219,0.0
2-digit multiplication | LoRA,311,1.2000000476837158,1.0,0.20000000298023224,8.121132850646973e-07,1.6979267456918024e-05,1.0
2-digit multiplication | LoRA,312,1.2000000476837158,1.0,0.20000000298023224,-1.1920929132713809e-08,5.830230875858433e-08,1.0
2-digit multiplication | LoRA,313,1.2000000476837158,1.0,0.20000000298023224,6.705522537231445e-08,3.942693354019866e-07,1.0
2-digit multiplication | LoRA,314,0.32500001788139343,0.125,0.20000000298023224,0.008795285015366971,4.515371322631836,0.0
2-digit multiplication | LoRA,315,1.2000000476837158,1.0,0.20000000298023224,-1.4901161415892261e-09,2.5181480012292923e-08,1.0
2-digit multiplication | LoRA,316,1.2000000476837158,1.0,0.20000000298023224,0.024468982592225075,0.025805708020925522,1.0
2-digit multiplication | LoRA,317,1.2000000476837158,1.0,0.20000000298023224,0.0001876756505225785,0.0020862543024122715,1.0
2-digit multiplication | LoRA,318,0.7000000476837158,0.5,0.20000000298023224,0.004530762089416385,10.689780235290527,0.0
2-digit multiplication | LoRA,319,1.2000000476837158,1.0,0.20000000298023224,0.006842644652351737,0.033052802085876465,1.0
2-digit multiplication | LoRA,320,1.2000000476837158,1.0,0.20000000298023224,0.0001745074987411499,0.0019487797981128097,1.0
2-digit multiplication | LoRA,321,0.9500000476837158,0.75,0.20000000298023224,0.01310840854421258,5.520366191864014,0.0
2-digit multiplication | LoRA,322,1.2000000476837158,1.0,0.20000000298023224,4.023313593393141e-08,1.5513192863636505e-07,1.0
2-digit multiplication | LoRA,323,0.20000000298023224,0.0,0.20000000298023224,0.008062389213591814,0.08765992522239685,1.0
2-digit multiplication | LoRA,324,1.0750000476837158,0.875,0.20000000298023224,0.4082493484020233,36.43357849121094,0.0
2-digit multiplication | LoRA,325,1.2000000476837158,1.0,0.20000000298023224,0.0060765116941183805,0.025079810991883278,1.0
2-digit multiplication | LoRA,326,1.2000000476837158,1.0,0.20000000298023224,0.0,2.1803296945677175e-08,1.0
2-digit multiplication | LoRA,327,1.2000000476837158,1.0,0.20000000298023224,5.930662041464529e-07,4.100076296253974e-07,1.0
2-digit multiplication | LoRA,328,0.32500001788139343,0.125,0.20000000298023224,0.009411022067070007,14.283411979675293,0.0
2-digit multiplication | LoRA,329,0.32500001788139343,0.125,0.20000000298023224,0.031083693727850914,4.8543477058410645,0.0
2-digit multiplication | LoRA,330,0.20000000298023224,0.0,0.20000000298023224,0.09837637469172478,0.5380418300628662,1.0
2-digit multiplication | LoRA,331,1.2000000476837158,1.0,0.20000000298023224,1.755058747221483e-05,0.00024280081561300904,1.0
2-digit multiplication | LoRA,332,0.20000000298023224,0.0,0.20000000298023224,0.018568539060652256,0.18999646604061127,1.0
2-digit multiplication | LoRA,333,0.17500001192092896,0.0,0.17500001192092896,0.0193165666423738,20.742271423339844,0.0
2-digit multiplication | LoRA,334,0.45000001788139343,0.25,0.20000000298023224,0.0161824943497777,10.255582809448242,0.0
2-digit multiplication | LoRA,335,0.20000000298023224,0.0,0.20000000298023224,0.06670863181352615,0.1994202435016632,1.0
2-digit multiplication | LoRA,336,0.20000000298023224,0.0,0.20000000298023224,0.33399486541748047,0.6607047319412231,1.0
2-digit multiplication | LoRA,337,0.20000000298023224,0.0,0.20000000298023224,0.04614959470927715,0.2148602157831192,1.0
2-digit multiplication | LoRA,338,0.7000000476837158,0.5,0.20000000298023224,0.05413500778377056,7.509133815765381,0.0
2-digit multiplication | LoRA,339,1.2000000476837158,1.0,0.20000000298023224,0.0,1.2482518352285865e-09,1.0
2-digit multiplication | LoRA,340,1.2000000476837158,1.0,0.20000000298023224,6.407499313354492e-07,1.8977098079631105e-05,1.0
2-digit multiplication | LoRA,341,0.7000000476837158,0.5,0.20000000298023224,0.0633314736187458,7.632076263427734,0.0
2-digit multiplication | LoRA,342,0.20000000298023224,0.0,0.20000000298023224,0.0037441342137753963,0.08028743416070938,1.0
2-digit multiplication | LoRA,343,0.45000001788139343,0.25,0.20000000298023224,0.05340905487537384,14.583219528198242,0.0
2-digit multiplication | LoRA,344,0.8250000476837158,0.625,0.20000000298023224,0.15866664797067642,10.02097225189209,0.0
2-digit multiplication | LoRA,345,1.2000000476837158,1.0,0.20000000298023224,0.11642308160662651,0.003589410101994872,1.0
2-digit multiplication | LoRA,346,0.8250000476837158,0.625,0.20000000298023224,0.45246952772140503,14.53045654296875,0.0
2-digit multiplication | LoRA,347,1.2000000476837158,1.0,0.20000000298023224,2.2172928311192663e-06,1.6291929568978958e-05,1.0
2-digit multiplication | LoRA,348,1.2000000476837158,1.0,0.20000000298023224,1.1682510603350238e-06,1.0666235539247282e-06,1.0
2-digit multiplication | LoRA,349,1.2000000476837158,1.0,0.20000000298023224,0.0020837485790252686,0.03761521354317665,1.0
2-digit multiplication | LoRA,350,1.2000000476837158,1.0,0.20000000298023224,0.0,4.378196649668098e-08,1.0
2-digit multiplication | LoRA,351,0.32500001788139343,0.125,0.20000000298023224,0.006914385943673551,5.373317241668701,0.0
2-digit multiplication | LoRA,352,1.2000000476837158,1.0,0.20000000298023224,1.323223102644988e-06,1.78353839146439e-05,1.0
2-digit multiplication | LoRA,353,0.5750000476837158,0.375,0.20000000298023224,0.15161345154047012,8.672014236450195,0.0
2-digit multiplication | LoRA,354,1.2000000476837158,1.0,0.20000000298023224,3.1813979148864746e-06,1.1416530469432473e-05,1.0
2-digit multiplication | LoRA,355,1.2000000476837158,1.0,0.20000000298023224,1.3411045607369942e-08,5.588288232161176e-08,1.0
2-digit multiplication | LoRA,356,1.2000000476837158,1.0,0.20000000298023224,2.8461217880249023e-06,4.352139148977585e-05,1.0
2-digit multiplication | LoRA,357,1.2000000476837158,1.0,0.20000000298023224,0.008829450700432062,0.08963485062122345,1.0
2-digit multiplication | LoRA,358,0.20000000298023224,0.0,0.20000000298023224,9.09268856048584e-05,0.00042353098979219794,1.0
2-digit multiplication | LoRA,359,1.2000000476837158,1.0,0.20000000298023224,0.0,2.7017593495770598e-08,1.0
2-digit multiplication | LoRA,360,1.2000000476837158,1.0,0.20000000298023224,-1.0430813102146885e-08,4.04262117115195e-08,1.0
2-digit multiplication | LoRA,361,1.2000000476837158,1.0,0.20000000298023224,-1.0430813102146885e-08,2.5340856524280753e-08,1.0
2-digit multiplication | LoRA,362,1.2000000476837158,1.0,0.20000000298023224,1.1026859425555813e-07,2.4681079935362504e-07,1.0
2-digit multiplication | LoRA,363,1.2000000476837158,1.0,0.20000000298023224,9.536743306171047e-08,1.9660137695609592e-07,1.0
2-digit multiplication | LoRA,364,0.20000000298023224,0.0,0.20000000298023224,0.010206484977970831,0.16532540321350098,1.0
2-digit multiplication | LoRA,365,0.20000000298023224,0.0,0.20000000298023224,0.0605025514960289,0.4647989273071289,1.0
2-digit multiplication | LoRA,366,1.2000000476837158,1.0,0.20000000298023224,4.7683716530855236e-08,9.223118979662104e-08,1.0
2-digit multiplication | LoRA,367,0.20000000298023224,0.0,0.20000000298023224,0.04373890347778797,0.31681954860687256,1.0
2-digit multiplication | LoRA,368,0.9500000476837158,0.75,0.20000000298023224,0.14881715923547745,15.944705963134766,0.0
2-digit multiplication | LoRA,369,0.20000000298023224,0.0,0.20000000298023224,0.23788437992334366,0.6935510039329529,1.0
2-digit multiplication | LoRA,370,0.32500001788139343,0.125,0.20000000298023224,0.030754467472434044,7.809266567230225,0.0
2-digit multiplication | LoRA,371,1.2000000476837158,1.0,0.20000000298023224,0.0003697052597999573,0.0010513057932257652,1.0
2-digit multiplication | LoRA,372,1.2000000476837158,1.0,0.20000000298023224,4.470348358154297e-08,1.2588037634486682e-07,1.0
2-digit multiplication | LoRA,373,0.20000000298023224,0.0,0.20000000298023224,0.017550203017890453,0.1772686392068863,1.0
2-digit multiplication | LoRA,374,0.20000000298023224,0.0,0.20000000298023224,0.05217963457107544,0.3225695788860321,1.0
2-digit multiplication | LoRA,375,1.2000000476837158,1.0,0.20000000298023224,1.788139347702611e-08,3.1885528528619034e-07,1.0
2-digit multiplication | LoRA,376,1.2000000476837158,1.0,0.20000000298023224,0.06519605591893196,0.1652354598045349,1.0
2-digit multiplication | LoRA,377,0.45000001788139343,0.25,0.20000000298023224,0.1653846800327301,12.094962120056152,0.0
2-digit multiplication | LoRA,378,0.9500000476837158,0.75,0.20000000298023224,0.08266841620206833,9.032042503356934,0.0
2-digit multiplication | LoRA,379,0.5750000476837158,0.375,0.20000000298023224,0.35408762097358704,9.005128860473633,0.0
2-digit multiplication | LoRA,380,1.2000000476837158,1.0,0.20000000298023224,0.0,3.0228285652356135e-08,1.0
2-digit multiplication | LoRA,381,0.20000000298023224,0.0,0.20000000298023224,0.017547553405165672,0.08083322644233704,1.0
2-digit multiplication | LoRA,382,1.2000000476837158,1.0,0.20000000298023224,3.725290298461914e-08,1.2990460618311772e-07,1.0
2-digit multiplication | LoRA,383,0.45000001788139343,0.25,0.20000000298023224,0.019692900590598583,5.485734462738037,0.0
2-digit multiplication | LoRA,384,1.2000000476837158,1.0,0.20000000298023224,0.0007590316236019135,0.00024862025748007,1.0
2-digit multiplication | LoRA,385,0.20000000298023224,0.0,0.20000000298023224,0.09911422431468964,0.04850882664322853,1.0
2-digit multiplication | LoRA,386,0.5750000476837158,0.375,0.20000000298023224,0.046654101461172104,17.172697067260742,0.0
2-digit multiplication | LoRA,387,1.2000000476837158,1.0,0.20000000298023224,0.0,7.948923297362853e-09,1.0
2-digit multiplication | LoRA,388,0.20000000298023224,0.0,0.20000000298023224,0.12125018611550331,0.5201910138130188,1.0
2-digit multiplication | LoRA,389,1.2000000476837158,1.0,0.20000000298023224,0.00012730658636428416,0.0004282971494831145,1.0
2-digit multiplication | LoRA,390,1.2000000476837158,1.0,0.20000000298023224,0.0007195957005023956,0.00041213518125005066,1.0
2-digit multiplication | LoRA,391,1.2000000476837158,1.0,0.20000000298023224,0.0,3.960882466458315e-08,1.0
2-digit multiplication | LoRA,392,1.2000000476837158,1.0,0.20000000298023224,1.1076213717460632,0.1185535416007042,1.0
2-digit multiplication | LoRA,393,1.2000000476837158,1.0,0.20000000298023224,1.2293457984924316e-07,2.473718495821231e-06,1.0
2-digit multiplication | LoRA,394,1.2000000476837158,1.0,0.20000000298023224,-1.1920929132713809e-08,2.064005677482328e-08,1.0
2-digit multiplication | LoRA,395,1.2000000476837158,1.0,0.20000000298023224,0.0005522280989680439,0.007897740229964256,1.0
2-digit multiplication | LoRA,396,0.7000000476837158,0.5,0.20000000298023224,0.06691722571849823,13.769522666931152,0.0
2-digit multiplication | LoRA,397,0.8250000476837158,0.625,0.20000000298023224,0.007124139461666346,6.11776065826416,0.0
2-digit multiplication | LoRA,398,1.2000000476837158,1.0,0.20000000298023224,5.9604645663569045e-09,2.826910758813028e-07,1.0
2-digit multiplication | LoRA,399,1.2000000476837158,1.0,0.20000000298023224,5.774199962615967e-08,8.52726742550658e-08,1.0
2-digit multiplication | LoRA,400,1.2000000476837158,1.0,0.20000000298023224,4.470348358154297e-08,3.6633076661019004e-07,1.0
2-digit multiplication | LoRA,401,0.45000001788139343,0.25,0.20000000298023224,0.026478267274796963,21.640182495117188,0.0
2-digit multiplication | LoRA,402,0.20000000298023224,0.0,0.20000000298023224,0.033068131655454636,0.3197592496871948,1.0
2-digit multiplication | LoRA,403,1.2000000476837158,1.0,0.20000000298023224,0.0,2.5328059649609713e-08,1.0
2-digit multiplication | LoRA,404,0.7000000476837158,0.5,0.20000000298023224,0.10755838826298714,7.055236339569092,0.0
2-digit multiplication | LoRA,405,0.20000000298023224,0.0,0.20000000298023224,0.5088328123092651,0.04484137147665024,1.0
2-digit multiplication | LoRA,406,0.20000000298023224,0.0,0.20000000298023224,0.03195366449654102,0.2021833211183548,1.0
2-digit multiplication | LoRA,407,0.45000001788139343,0.25,0.20000000298023224,0.007993862265720963,4.545821189880371,0.0
2-digit multiplication | LoRA,408,0.20000000298023224,0.0,0.20000000298023224,0.00014852583990432322,0.0018334102351218462,1.0
2-digit multiplication | LoRA,409,0.20000000298023224,0.0,0.20000000298023224,0.20564108341932297,0.764037549495697,1.0
2-digit multiplication | LoRA,410,0.45000001788139343,0.25,0.20000000298023224,0.1026432067155838,14.06635570526123,0.0
2-digit multiplication | LoRA,411,1.2000000476837158,1.0,0.20000000298023224,6.243586483378749e-07,3.0586168122681556e-06,1.0
2-digit multiplication | LoRA,412,0.7000000476837158,0.5,0.20000000298023224,0.012864896329119802,10.855782508850098,0.0
2-digit multiplication | LoRA,413,0.32500001788139343,0.125,0.20000000298023224,0.04030548967421055,8.013569831848145,0.0
2-digit multiplication | LoRA,414,1.2000000476837158,1.0,0.20000000298023224,3.457069510659494e-07,3.5789969388133613e-07,1.0
2-digit multiplication | LoRA,415,1.2000000476837158,1.0,0.20000000298023224,2.316385507583618e-05,2.2161982997204177e-05,1.0
2-digit multiplication | LoRA,416,1.2000000476837158,1.0,0.20000000298023224,2.5629996969200874e-07,1.2737201586787705e-06,1.0
2-digit multiplication | LoRA,417,1.2000000476837158,1.0,0.20000000298023224,6.129443863756023e-05,0.000291551579721272,1.0
2-digit multiplication | LoRA,418,1.2000000476837158,1.0,0.20000000298023224,9.350478649139404e-07,6.14846358075738e-05,1.0
2-digit multiplication | LoRA,419,1.2000000476837158,1.0,0.20000000298023224,0.0,8.846237520288014e-09,1.0
2-digit multiplication | LoRA,420,1.2000000476837158,1.0,0.20000000298023224,1.3157725788914831e-06,5.502186922967667e-06,1.0
2-digit multiplication | LoRA,421,1.0750000476837158,0.875,0.20000000298023224,0.012193146394565701,10.221122741699219,0.0
2-digit multiplication | LoRA,422,1.2000000476837158,1.0,0.20000000298023224,1.7695128917694092e-06,5.024444544687867e-05,1.0
2-digit multiplication | LoRA,423,1.2000000476837158,1.0,0.20000000298023224,-1.1175870895385742e-08,2.3269070226206168e-08,1.0
2-digit multiplication | LoRA,424,1.2000000476837158,1.0,0.20000000298023224,7.450580818968433e-09,1.995144884858746e-07,1.0
2-digit multiplication | LoRA,425,0.8250000476837158,0.625,0.20000000298023224,0.07990836491808295,8.781977653503418,0.0
2-digit multiplication | LoRA,426,0.7000000476837158,0.5,0.20000000298023224,0.03827477805316448,7.092869281768799,0.0
2-digit multiplication | LoRA,427,1.2000000476837158,1.0,0.20000000298023224,3.1530856858807965e-06,2.2217944206204265e-05,1.0
2-digit multiplication | LoRA,428,1.2000000476837158,1.0,0.20000000298023224,4.699230157712009e-05,0.00015516721759922802,1.0
2-digit multiplication | LoRA,429,1.0500000715255737,0.875,0.17500001192092896,0.0415984473656863,14.323969841003418,0.0
2-digit multiplication | LoRA,430,1.2000000476837158,1.0,0.20000000298023224,1.8602609088702593e-05,0.0002914956130553037,1.0
2-digit multiplication | LoRA,431,1.0750000476837158,0.875,0.20000000298023224,0.0026109918471775018,14.131330490112305,0.0
2-digit multiplication | LoRA,432,0.20000000298023224,0.0,0.20000000298023224,0.02034618891775608,0.08556757867336273,1.0
2-digit multiplication | LoRA,433,0.20000000298023224,0.0,0.20000000298023224,0.002192732645198703,0.009969762526452541,1.0
2-digit multiplication | LoRA,434,1.2000000476837158,1.0,0.20000000298023224,0.01229359582066536,0.021900873631238937,1.0
2-digit multiplication | LoRA,435,0.7000000476837158,0.5,0.20000000298023224,0.013879087753593922,9.203573226928711,0.0
2-digit multiplication | LoRA,436,1.2000000476837158,1.0,0.20000000298023224,1.7166137808999338e-06,1.511641301021882e-07,1.0
2-digit multiplication | LoRA,437,1.2000000476837158,1.0,0.20000000298023224,1.7881394143159923e-08,6.105097583031238e-08,1.0
2-digit multiplication | LoRA,438,0.8250000476837158,0.625,0.20000000298023224,0.04216436482965946,13.723837852478027,0.0
2-digit multiplication | LoRA,439,1.2000000476837158,1.0,0.20000000298023224,9.119510764321603e-07,8.093090855254559e-07,1.0
2-digit multiplication | LoRA,440,1.0750000476837158,0.875,0.20000000298023224,0.022137682884931564,9.697498321533203,0.0
2-digit multiplication | LoRA,441,1.2000000476837158,1.0,0.20000000298023224,0.0,5.859693619214568e-09,1.0
2-digit multiplication | LoRA,442,0.8250000476837158,0.625,0.20000000298023224,0.007841506507247686,12.29405689239502,0.0
2-digit multiplication | LoRA,443,1.2000000476837158,1.0,0.20000000298023224,0.3316868394613266,0.5788967609405518,1.0
2-digit multiplication | LoRA,444,1.2000000476837158,1.0,0.20000000298023224,0.0,3.5384740471045006e-08,1.0
2-digit multiplication | LoRA,445,1.2000000476837158,1.0,0.20000000298023224,8.59230749483686e-05,0.00014730406110174954,1.0
2-digit multiplication | LoRA,446,0.5750000476837158,0.375,0.20000000298023224,0.018338832072913647,9.358026504516602,0.0
2-digit multiplication | LoRA,447,0.9250000715255737,0.75,0.17500001192092896,0.0263132296531694,10.710297584533691,0.0
2-digit multiplication | LoRA,448,1.2000000476837158,1.0,0.20000000298023224,9.536743306171047e-08,2.109466237243396e-07,1.0
2-digit multiplication | LoRA,449,0.20000000298023224,0.0,0.20000000298023224,0.1648450717329979,0.42057737708091736,1.0
2-digit multiplication | LoRA,450,1.2000000476837158,1.0,0.20000000298023224,0.0006796866655349731,0.0006237831548787653,1.0
2-digit multiplication | LoRA,451,1.2000000476837158,1.0,0.20000000298023224,0.0,2.0297893144061163e-08,1.0
2-digit multiplication | LoRA,452,0.45000001788139343,0.25,0.20000000298023224,0.023040533997118473,12.669089317321777,0.0
2-digit multiplication | LoRA,453,0.45000001788139343,0.25,0.20000000298023224,0.03804164007306099,3.9179019927978516,0.0
2-digit multiplication | LoRA,454,1.0750000476837158,0.875,0.20000000298023224,0.5208374559879303,20.459951400756836,0.0
2-digit multiplication | LoRA,455,1.2000000476837158,1.0,0.20000000298023224,4.023313415757457e-08,1.3490496542090114e-07,1.0
2-digit multiplication | LoRA,456,1.2000000476837158,1.0,0.20000000298023224,0.000651305919745937,0.003776890691369772,1.0
2-digit multiplication | LoRA,457,1.2000000476837158,1.0,0.20000000298023224,2.543032132962253e-05,7.733709207968786e-05,1.0
2-digit multiplication | LoRA,458,1.2000000476837158,1.0,0.20000000298023224,8.940696716308594e-08,3.0106096460258414e-07,1.0
2-digit multiplication | LoRA,459,0.9500000476837158,0.75,0.20000000298023224,0.09977173805236816,17.30841636657715,0.0
2-digit multiplication | LoRA,460,0.5750000476837158,0.375,0.20000000298023224,0.02112416923046112,11.685037612915039,0.0
2-digit multiplication | LoRA,461,1.2000000476837158,1.0,0.20000000298023224,-2.9802322831784522e-09,4.03166282580969e-08,1.0
2-digit multiplication | LoRA,462,0.5750000476837158,0.375,0.20000000298023224,0.02619312983006239,6.885753631591797,0.0
2-digit multiplication | LoRA,463,1.2000000476837158,1.0,0.20000000298023224,0.0,2.278290978097175e-08,1.0
2-digit multiplication | LoRA,464,0.20000000298023224,0.0,0.20000000298023224,0.2774040251970291,0.3861520290374756,1.0
2-digit multiplication | LoRA,465,1.0750000476837158,0.875,0.20000000298023224,0.005617220653221011,11.355420112609863,0.0
2-digit multiplication | LoRA,466,0.20000000298023224,0.0,0.20000000298023224,0.08020905405282974,0.21249569952487946,1.0
2-digit multiplication | LoRA,467,1.2000000476837158,1.0,0.20000000298023224,5.4016709327697754e-08,2.9560555958596524e-07,1.0
2-digit multiplication | LoRA,468,0.32500001788139343,0.125,0.20000000298023224,0.13160814344882965,7.345214366912842,0.0
2-digit multiplication | LoRA,469,0.20000000298023224,0.0,0.20000000298023224,0.0014662742614746094,0.023854553699493408,1.0
2-digit multiplication | LoRA,470,0.17500001192092896,0.0,0.17500001192092896,0.42647114396095276,6.077674388885498,0.0
2-digit multiplication | LoRA,471,0.8250000476837158,0.625,0.20000000298023224,0.0363024128600955,12.627484321594238,0.0
2-digit multiplication | LoRA,472,0.20000000298023224,0.0,0.20000000298023224,0.052566755563020706,0.29410243034362793,1.0
2-digit multiplication | LoRA,473,1.2000000476837158,1.0,0.20000000298023224,9.536743306171047e-08,2.244288026531649e-07,1.0
2-digit multiplication | LoRA,474,1.2000000476837158,1.0,0.20000000298023224,1.102734386920929,1.0735573768615723,1.0
2-digit multiplication | LoRA,475,0.8250000476837158,0.625,0.20000000298023224,0.013942020945250988,6.1395649909973145,0.0
2-digit multiplication | LoRA,476,1.2000000476837158,1.0,0.20000000298023224,7.018446979145665e-07,4.066467226948589e-05,1.0
2-digit multiplication | LoRA,477,1.2000000476837158,1.0,0.20000000298023224,1.1175870895385742e-07,5.028460350331443e-07,1.0
2-digit multiplication | LoRA,478,0.5750000476837158,0.375,0.20000000298023224,0.020104816649109125,6.697577476501465,0.0
2-digit multiplication | LoRA,479,0.45000001788139343,0.25,0.20000000298023224,0.03724105656147003,9.729206085205078,0.0
2-digit multiplication | LoRA,480,1.2000000476837158,1.0,0.20000000298023224,1.5780329931658343e-06,1.2869710417362512e-06,1.0
2-digit multiplication | LoRA,481,0.8250000476837158,0.625,0.20000000298023224,0.047582450322806835,7.935473442077637,0.0
2-digit multiplication | LoRA,482,0.32500001788139343,0.125,0.20000000298023224,0.045211683958768845,11.5126314163208,0.0
2-digit multiplication | LoRA,483,1.2000000476837158,1.0,0.20000000298023224,3.635883274455409e-07,5.263638286123751e-06,1.0
2-digit multiplication | LoRA,484,0.5750000476837158,0.375,0.20000000298023224,0.02484236191958189,19.378171920776367,0.0
2-digit multiplication | LoRA,485,1.2000000476837158,1.0,0.20000000298023224,5.774199962615967e-08,2.1979454345455451e-07,1.0
2-digit multiplication | LoRA,486,1.2000000476837158,1.0,0.20000000298023224,5.946159399172757e-05,0.0005018945084884763,1.0
2-digit multiplication | LoRA,487,0.20000000298023224,0.0,0.20000000298023224,0.0037464051856659353,0.03777043893933296,1.0
2-digit multiplication | LoRA,488,1.2000000476837158,1.0,0.20000000298023224,4.470348358154297e-08,1.1695835411273947e-07,1.0
2-digit multiplication | LoRA,489,0.20000000298023224,0.0,0.20000000298023224,0.27978649735450745,0.6668634414672852,1.0
2-digit multiplication | LoRA,490,0.20000000298023224,0.0,0.20000000298023224,0.1310030221939087,0.43185892701148987,1.0
2-digit multiplication | LoRA,491,1.2000000476837158,1.0,0.20000000298023224,4.842877388000488e-08,1.244106613285112e-07,1.0
2-digit multiplication | LoRA,492,1.2000000476837158,1.0,0.20000000298023224,1.9371509729637637e-08,1.0181251042240547e-07,1.0
2-digit multiplication | LoRA,493,1.2000000476837158,1.0,0.20000000298023224,0.00036378204822540283,0.0018998569576069713,1.0
2-digit multiplication | LoRA,494,1.2000000476837158,1.0,0.20000000298023224,5.9604645663569045e-09,8.222563963045104e-08,1.0
2-digit multiplication | LoRA,495,1.2000000476837158,1.0,0.20000000298023224,5.066394805908203e-06,0.00011848678695969284,1.0
2-digit multiplication | LoRA,496,1.2000000476837158,1.0,0.20000000298023224,0.022876587696373463,0.04412652179598808,1.0
2-digit multiplication | LoRA,497,0.20000000298023224,0.0,0.20000000298023224,0.13588263094425201,0.49085506796836853,1.0
2-digit multiplication | LoRA,498,1.2000000476837158,1.0,0.20000000298023224,4.172325240858754e-08,8.062593792601547e-08,1.0
2-digit multiplication | LoRA,499,1.2000000476837158,1.0,0.20000000298023224,0.0,2.448492075757258e-09,1.0
2-digit multiplication | LoRA,500,1.2000000476837158,1.0,0.20000000298023224,0.00024099946676869877,0.008741454221308231,1.0
